dataset,input_files,merged_rows,pareto_rows,reference_rows,hv,spread,igd,mdh,output_file
WA_Fn-UseC_-HR-Employee-Attrition.csv,1,8,8,13,0.41640792540792554,0.6562062959137203,0.2608795665574481,1.0960637694246997,pass_1_outputs\WA_Fn-UseC_-HR-Employee-Attrition\NSGA2.csv
WA_Fn-UseC_-HR-Employee-Attrition.csv,1,4,4,13,0.1880909090909092,0.6185097461914421,0.4754359851123561,1.1862778134887242,pass_1_outputs\WA_Fn-UseC_-HR-Employee-Attrition\MOEAD.csv
WA_Fn-UseC_-HR-Employee-Attrition.csv,1,15,15,13,0.4567775919732444,0.6014652432619724,0.25209079028264364,1.06752615073677,pass_1_outputs\WA_Fn-UseC_-HR-Employee-Attrition\NSGA3.csv
WA_Fn-UseC_-HR-Employee-Attrition.csv,1,6,6,13,0.6174738292011022,0.7724436959345741,0.21324218927718622,0.9425756123203901,pass_1_outputs\WA_Fn-UseC_-HR-Employee-Attrition\UNSGA3.csv
WA_Fn-UseC_-HR-Employee-Attrition.csv,1,4,4,13,0.43180368906455885,0.6415512286899056,0.3804321652474679,0.9588740598626972,pass_1_outputs\WA_Fn-UseC_-HR-Employee-Attrition\RNSGA3.csv
WA_Fn-UseC_-HR-Employee-Attrition.csv,1,29,29,13,0.7589041394335514,0.5392081467764085,0.1996203013926774,0.9314839121552528,pass_1_outputs\WA_Fn-UseC_-HR-Employee-Attrition\RVEA.csv
WA_Fn-UseC_-HR-Employee-Attrition.csv,1,8,8,13,0.5496363636363639,0.6984465313094445,0.24513907128256116,1.0522269919109362,pass_1_outputs\WA_Fn-UseC_-HR-Employee-Attrition\AGEMOEA.csv
WA_Fn-UseC_-HR-Employee-Attrition.csv,1,10,10,13,0.5579283746556477,0.7678547322057823,0.17657230415080616,1.0940197182836147,pass_1_outputs\WA_Fn-UseC_-HR-Employee-Attrition\AGEMOEA2.csv
WA_Fn-UseC_-HR-Employee-Attrition.csv,1,16,16,13,0.504096179183136,0.6308363808307481,0.2340012955827053,1.0877695172710005,pass_1_outputs\WA_Fn-UseC_-HR-Employee-Attrition\CTAEA.csv
all_players.csv,1,5,5,4,0.4906034482758622,0.6364066702685209,0.4598757016004608,0.9310097949122464,pass_1_outputs\all_players\NSGA2.csv
all_players.csv,1,2,2,4,0.07205405405405413,0.54642847287441,0.8598624282644879,1.229662133612638,pass_1_outputs\all_players\MOEAD.csv
all_players.csv,1,3,3,4,0.3494444444444446,0.7447182790478785,0.4405492285735123,0.9745001818380131,pass_1_outputs\all_players\NSGA3.csv
all_players.csv,1,4,4,4,0.4700000000000001,0.6213384623874071,0.4665090770340561,0.8976256348600098,pass_1_outputs\all_players\UNSGA3.csv
all_players.csv,1,3,3,4,0.7646610169491526,0.9370966968753568,0.29429099501686307,0.796354305055262,pass_1_outputs\all_players\RNSGA3.csv
all_players.csv,1,10,10,4,0.8552830188679248,0.4832975868154629,0.23454152364809938,0.6691053023684647,pass_1_outputs\all_players\RVEA.csv
all_players.csv,1,4,4,4,0.7326851851851853,0.6234992988134197,0.25774385874680095,0.7474537469327864,pass_1_outputs\all_players\AGEMOEA.csv
all_players.csv,1,3,3,4,0.6727777777777779,0.6691136056742861,0.2704229249446905,0.7303534984182551,pass_1_outputs\all_players\AGEMOEA2.csv
all_players.csv,1,3,3,4,0.17000000000000012,0.6351026865764342,0.6365498660802702,1.1113488892001462,pass_1_outputs\all_players\CTAEA.csv
FFM-1000-200-0.50-SAT-1.csv,1,26,26,53,0.6740880503144656,0.5105206210332571,0.030175791898411526,0.8709443277005141,pass_1_outputs\FFM-1000-200-0.50-SAT-1\NSGA2.csv
FFM-1000-200-0.50-SAT-1.csv,1,9,9,53,0.4447169811320757,0.33478461282715455,0.2483523979504723,0.8728160869303538,pass_1_outputs\FFM-1000-200-0.50-SAT-1\MOEAD.csv
FFM-1000-200-0.50-SAT-1.csv,1,19,19,53,0.6747169811320758,0.5540698734260541,0.04469887576653062,0.8685380943841275,pass_1_outputs\FFM-1000-200-0.50-SAT-1\NSGA3.csv
FFM-1000-200-0.50-SAT-1.csv,1,19,19,53,0.6736792452830193,0.5394347211757061,0.04902610389322092,0.8664556021512682,pass_1_outputs\FFM-1000-200-0.50-SAT-1\UNSGA3.csv
FFM-1000-200-0.50-SAT-1.csv,1,3,3,53,0.2683710691823902,0.9184065814810065,0.3898022040277052,1.0225728930683402,pass_1_outputs\FFM-1000-200-0.50-SAT-1\RNSGA3.csv
FFM-1000-200-0.50-SAT-1.csv,1,30,30,53,0.6525471698113211,0.5395660419036514,0.07798926994530525,0.9121070352293682,pass_1_outputs\FFM-1000-200-0.50-SAT-1\RVEA.csv
FFM-1000-200-0.50-SAT-1.csv,1,29,29,53,0.6916037735849061,0.5450153549768016,0.016740154894004964,0.8747574776692055,pass_1_outputs\FFM-1000-200-0.50-SAT-1\AGEMOEA.csv
FFM-1000-200-0.50-SAT-1.csv,1,29,29,53,0.6936163522012583,0.5039227820546555,0.009739480267265446,0.8565594693205573,pass_1_outputs\FFM-1000-200-0.50-SAT-1\AGEMOEA2.csv
FFM-1000-200-0.50-SAT-1.csv,1,22,22,53,0.6504088050314469,0.5727422411722723,0.05077258840825433,0.9054699930327623,pass_1_outputs\FFM-1000-200-0.50-SAT-1\CTAEA.csv
FFM-125-25-0.50-SAT-1.csv,1,10,10,24,0.7644210526315791,0.7990707021562534,0.13617055659763044,0.9011730412386425,pass_1_outputs\FFM-125-25-0.50-SAT-1\NSGA2.csv
FFM-125-25-0.50-SAT-1.csv,1,2,2,24,0.2896666666666668,0.2989694232683046,0.6589183775969752,0.9279233485107874,pass_1_outputs\FFM-125-25-0.50-SAT-1\MOEAD.csv
FFM-125-25-0.50-SAT-1.csv,1,10,10,24,0.793368421052632,0.7449329001295363,0.10525552955281614,0.8844462742428238,pass_1_outputs\FFM-125-25-0.50-SAT-1\NSGA3.csv
FFM-125-25-0.50-SAT-1.csv,1,10,10,24,0.8033684210526317,0.7480919980328098,0.09867658218439508,0.8791061781433125,pass_1_outputs\FFM-125-25-0.50-SAT-1\UNSGA3.csv
FFM-125-25-0.50-SAT-1.csv,1,2,2,24,0.13839393939393954,1.3344485694058605,0.6424531169369315,1.1025644625390756,pass_1_outputs\FFM-125-25-0.50-SAT-1\RNSGA3.csv
FFM-125-25-0.50-SAT-1.csv,1,38,38,24,0.8670256410256414,0.624177297237634,0.14309707507427552,0.913742754805409,pass_1_outputs\FFM-125-25-0.50-SAT-1\RVEA.csv
FFM-125-25-0.50-SAT-1.csv,1,11,11,24,0.7837272727272729,0.7673891807847806,0.07916832175409824,0.8903844725504356,pass_1_outputs\FFM-125-25-0.50-SAT-1\AGEMOEA.csv
FFM-125-25-0.50-SAT-1.csv,1,9,9,24,0.8270526315789477,0.8095873686759678,0.13032514616189642,0.900151910458717,pass_1_outputs\FFM-125-25-0.50-SAT-1\AGEMOEA2.csv
FFM-125-25-0.50-SAT-1.csv,1,12,12,24,0.6974285714285716,0.813331448051537,0.07677355599101353,0.9542942384378796,pass_1_outputs\FFM-125-25-0.50-SAT-1\CTAEA.csv
FFM-250-50-0.50-SAT-1.csv,1,17,17,35,0.6089802955665028,0.5252404915828486,0.037316058189130356,0.8832085947201708,pass_1_outputs\FFM-250-50-0.50-SAT-1\NSGA2.csv
FFM-250-50-0.50-SAT-1.csv,1,4,4,35,0.38089162561576373,0.2595961223410649,0.2570248251933284,0.8297162010766708,pass_1_outputs\FFM-250-50-0.50-SAT-1\MOEAD.csv
FFM-250-50-0.50-SAT-1.csv,1,15,15,35,0.6300147783251234,0.6298706802061799,0.01286685928458286,0.9209057043291461,pass_1_outputs\FFM-250-50-0.50-SAT-1\NSGA3.csv
FFM-250-50-0.50-SAT-1.csv,1,15,15,35,0.6237093596059115,0.6390586967528004,0.01286685928458286,0.926440345708087,pass_1_outputs\FFM-250-50-0.50-SAT-1\UNSGA3.csv
FFM-250-50-0.50-SAT-1.csv,1,3,3,35,0.19991625615763564,1.0544394513605184,0.41721039665233645,1.1342557003341236,pass_1_outputs\FFM-250-50-0.50-SAT-1\RNSGA3.csv
FFM-250-50-0.50-SAT-1.csv,1,29,29,35,0.6132943722943724,0.564825732323537,0.0885858265984217,0.9410263542331161,pass_1_outputs\FFM-250-50-0.50-SAT-1\RVEA.csv
FFM-250-50-0.50-SAT-1.csv,1,21,21,35,0.6305073891625618,0.5918431210508859,0.0019704433497536923,0.9135012827548957,pass_1_outputs\FFM-250-50-0.50-SAT-1\AGEMOEA.csv
FFM-250-50-0.50-SAT-1.csv,1,17,17,35,0.6225270935960593,0.5906388200171245,0.005673650772905384,0.9209729425631439,pass_1_outputs\FFM-250-50-0.50-SAT-1\AGEMOEA2.csv
FFM-250-50-0.50-SAT-1.csv,1,23,23,35,0.6314926108374387,0.6154595209165173,0.0,0.9429490311194251,pass_1_outputs\FFM-250-50-0.50-SAT-1\CTAEA.csv
FFM-500-100-0.50-SAT-1.csv,1,9,9,14,0.6671290322580649,0.731377595887095,0.06377050205916764,0.9160472464168536,pass_1_outputs\FFM-500-100-0.50-SAT-1\NSGA2.csv
FFM-500-100-0.50-SAT-1.csv,1,3,3,14,0.2638387096774195,0.30427059262706285,0.6491028126346488,0.9752212341207622,pass_1_outputs\FFM-500-100-0.50-SAT-1\MOEAD.csv
FFM-500-100-0.50-SAT-1.csv,1,10,10,14,0.6535806451612907,0.6750711826880369,0.030021193502124104,0.9179244379947391,pass_1_outputs\FFM-500-100-0.50-SAT-1\NSGA3.csv
FFM-500-100-0.50-SAT-1.csv,1,9,9,14,0.6413225806451615,0.7489263240257369,0.045031790253186155,0.9520246272244355,pass_1_outputs\FFM-500-100-0.50-SAT-1\UNSGA3.csv
FFM-500-100-0.50-SAT-1.csv,1,2,2,14,0.447193548387097,1.0103110451283945,0.3112278311615243,0.8685529845821318,pass_1_outputs\FFM-500-100-0.50-SAT-1\RNSGA3.csv
FFM-500-100-0.50-SAT-1.csv,1,32,32,14,0.8032000000000002,0.5475725854411544,0.10141033708033262,0.8486251836458653,pass_1_outputs\FFM-500-100-0.50-SAT-1\RVEA.csv
FFM-500-100-0.50-SAT-1.csv,1,6,6,14,0.6245483870967745,0.657909701470889,0.11226963359974884,0.8586025634504905,pass_1_outputs\FFM-500-100-0.50-SAT-1\AGEMOEA.csv
FFM-500-100-0.50-SAT-1.csv,1,7,7,14,0.6462941176470589,0.6468863677363214,0.1146222388778231,0.8670515432636724,pass_1_outputs\FFM-500-100-0.50-SAT-1\AGEMOEA2.csv
FFM-500-100-0.50-SAT-1.csv,1,10,10,14,0.7423178294573645,0.6964878960198729,0.08839591836716469,0.8549537319838757,pass_1_outputs\FFM-500-100-0.50-SAT-1\CTAEA.csv
FM-500-100-0.25-SAT-1.csv,1,18,18,22,0.7517792207792211,0.6634514345880305,0.03134000084802918,0.877495310089627,pass_1_outputs\FM-500-100-0.25-SAT-1\NSGA2.csv
FM-500-100-0.25-SAT-1.csv,1,10,10,22,0.5827424242424245,0.32100235942621114,0.18896251557336807,0.756714427655487,pass_1_outputs\FM-500-100-0.25-SAT-1\MOEAD.csv
FM-500-100-0.25-SAT-1.csv,1,17,17,22,0.7906258503401362,0.5980369300620713,0.030385218611851315,0.8240119409373127,pass_1_outputs\FM-500-100-0.25-SAT-1\NSGA3.csv
FM-500-100-0.25-SAT-1.csv,1,18,18,22,0.7612489177489179,0.6412618993984043,0.015956308822621293,0.8661745730465212,pass_1_outputs\FM-500-100-0.25-SAT-1\UNSGA3.csv
FM-500-100-0.25-SAT-1.csv,1,3,3,22,0.26876515151515173,0.9783032785291498,0.35658305334082996,1.0352897118847972,pass_1_outputs\FM-500-100-0.25-SAT-1\RNSGA3.csv
FM-500-100-0.25-SAT-1.csv,1,35,35,22,0.7329432773109246,0.5994124293490292,0.05998309127047336,0.8956400641382127,pass_1_outputs\FM-500-100-0.25-SAT-1\RVEA.csv
FM-500-100-0.25-SAT-1.csv,1,16,16,22,0.7454913419913421,0.6228858819913702,0.03983664053183927,0.8558049160061074,pass_1_outputs\FM-500-100-0.25-SAT-1\AGEMOEA.csv
FM-500-100-0.25-SAT-1.csv,1,13,13,22,0.7401829004329006,0.5383900460016365,0.06677098660440488,0.7990018328798343,pass_1_outputs\FM-500-100-0.25-SAT-1\AGEMOEA2.csv
FM-500-100-0.25-SAT-1.csv,1,18,18,22,0.7754352159468442,0.5422546287578618,0.04160237467567735,0.8113316356905816,pass_1_outputs\FM-500-100-0.25-SAT-1\CTAEA.csv
FM-500-100-0.50-SAT-1.csv,1,13,13,8,0.755666666666667,0.6667079929709079,0.21556900069724902,0.8812902976045791,pass_1_outputs\FM-500-100-0.50-SAT-1\NSGA2.csv
FM-500-100-0.50-SAT-1.csv,1,2,2,8,0.22764705882352954,0.23203626968607088,0.4846892271586699,0.9355520786172775,pass_1_outputs\FM-500-100-0.50-SAT-1\MOEAD.csv
FM-500-100-0.50-SAT-1.csv,1,10,10,8,0.5804117647058825,0.7543034054975652,0.13913138097542171,0.9961527777868493,pass_1_outputs\FM-500-100-0.50-SAT-1\NSGA3.csv
FM-500-100-0.50-SAT-1.csv,1,14,14,8,0.745646464646465,0.6903920038241078,0.18283879861410557,0.8840969812363275,pass_1_outputs\FM-500-100-0.50-SAT-1\UNSGA3.csv
FM-500-100-0.50-SAT-1.csv,1,3,3,8,0.15300000000000016,1.11447638047898,0.44189198962044773,1.1854847425512445,pass_1_outputs\FM-500-100-0.50-SAT-1\RNSGA3.csv
FM-500-100-0.50-SAT-1.csv,1,36,36,8,0.8162339181286553,0.6155010031991931,0.1863579335147344,0.8750752244922222,pass_1_outputs\FM-500-100-0.50-SAT-1\RVEA.csv
FM-500-100-0.50-SAT-1.csv,1,12,12,8,0.5794126984126986,0.7031772546091042,0.24804881897288805,0.9848906912183213,pass_1_outputs\FM-500-100-0.50-SAT-1\AGEMOEA.csv
FM-500-100-0.50-SAT-1.csv,1,17,17,8,0.7312666666666671,0.6629979109146739,0.22548889627819702,0.9003193523017131,pass_1_outputs\FM-500-100-0.50-SAT-1\AGEMOEA2.csv
FM-500-100-0.50-SAT-1.csv,1,16,16,8,0.7027222222222226,0.5516436229594961,0.22549592043022285,0.8582209055095986,pass_1_outputs\FM-500-100-0.50-SAT-1\CTAEA.csv
FM-500-100-0.75-SAT-1.csv,1,5,5,9,0.7678421052631581,0.3949445498354554,0.15766570568547003,0.6416029785881321,pass_1_outputs\FM-500-100-0.75-SAT-1\NSGA2.csv
FM-500-100-0.75-SAT-1.csv,1,2,2,9,0.4596842105263159,0.1844192635230583,0.39586400978601977,0.7658019753837648,pass_1_outputs\FM-500-100-0.75-SAT-1\MOEAD.csv
FM-500-100-0.75-SAT-1.csv,1,7,7,9,0.8074035087719301,0.5092930532243565,0.09344661041604599,0.7207256407267089,pass_1_outputs\FM-500-100-0.75-SAT-1\NSGA3.csv
FM-500-100-0.75-SAT-1.csv,1,6,6,9,0.7987192982456144,0.4523204214171249,0.11393763969638579,0.6741799141811603,pass_1_outputs\FM-500-100-0.75-SAT-1\UNSGA3.csv
FM-500-100-0.75-SAT-1.csv,1,2,2,9,0.5417017543859652,0.8493837499586109,0.33229119229643383,0.8114961562204334,pass_1_outputs\FM-500-100-0.75-SAT-1\RNSGA3.csv
FM-500-100-0.75-SAT-1.csv,1,37,37,9,0.8074035087719301,0.47146084576106717,0.06113217068447066,0.7966459558928581,pass_1_outputs\FM-500-100-0.75-SAT-1\RVEA.csv
FM-500-100-0.75-SAT-1.csv,1,7,7,9,0.8003859649122809,0.6741776662353436,0.0204910292803398,0.7798990067800081,pass_1_outputs\FM-500-100-0.75-SAT-1\AGEMOEA.csv
FM-500-100-0.75-SAT-1.csv,1,6,6,9,0.7987192982456144,0.4523204214171248,0.11393763969638579,0.6741799141811603,pass_1_outputs\FM-500-100-0.75-SAT-1\AGEMOEA2.csv
FM-500-100-0.75-SAT-1.csv,1,8,8,9,0.8074035087719301,0.46999616413186895,0.09344661041604599,0.7170910265912276,pass_1_outputs\FM-500-100-0.75-SAT-1\CTAEA.csv
FM-500-100-1.00-SAT-1.csv,1,8,8,10,0.7711666666666668,0.7767490320611274,0.2028203912606203,0.8681340639118009,pass_1_outputs\FM-500-100-1.00-SAT-1\NSGA2.csv
FM-500-100-1.00-SAT-1.csv,1,3,3,10,0.05416666666666673,0.29174522098040173,0.7882491549556306,1.2331052487720315,pass_1_outputs\FM-500-100-1.00-SAT-1\MOEAD.csv
FM-500-100-1.00-SAT-1.csv,1,8,8,10,0.7714166666666669,0.9453866724238608,0.0,0.9667857592084379,pass_1_outputs\FM-500-100-1.00-SAT-1\NSGA3.csv
FM-500-100-1.00-SAT-1.csv,1,7,7,10,0.7711666666666668,0.8474536075135093,0.2028203912606203,0.902867501613487,pass_1_outputs\FM-500-100-1.00-SAT-1\UNSGA3.csv
FM-500-100-1.00-SAT-1.csv,1,1,1,10,0.3080000000000001,,0.8272357453214056,0.8171767114754176,pass_1_outputs\FM-500-100-1.00-SAT-1\RNSGA3.csv
FM-500-100-1.00-SAT-1.csv,1,40,40,10,0.8618673469387759,0.6619624430515056,0.012244897959183673,0.8951954675763286,pass_1_outputs\FM-500-100-1.00-SAT-1\RVEA.csv
FM-500-100-1.00-SAT-1.csv,1,7,7,10,0.7711666666666668,0.8474536075135094,0.2028203912606203,0.9028675016134867,pass_1_outputs\FM-500-100-1.00-SAT-1\AGEMOEA.csv
FM-500-100-1.00-SAT-1.csv,1,7,7,10,0.7711666666666668,0.8474536075135094,0.2028203912606203,0.9028675016134867,pass_1_outputs\FM-500-100-1.00-SAT-1\AGEMOEA2.csv
FM-500-100-1.00-SAT-1.csv,1,9,9,10,0.7810000000000002,0.858123718999872,0.0280004960273524,0.9353350873436254,pass_1_outputs\FM-500-100-1.00-SAT-1\CTAEA.csv
Scrum100k.csv,1,22,22,37,0.6839271708683475,0.7020913375169845,0.05040768248175329,0.9739366490363605,pass_1_outputs\Scrum100k\NSGA2.csv
Scrum100k.csv,1,7,7,37,0.1817843137254903,0.3329876431898809,0.4852987733547153,1.2019170389169473,pass_1_outputs\Scrum100k\MOEAD.csv
Scrum100k.csv,1,24,24,37,0.7057478991596642,0.7265688542435554,0.02133203833993921,0.9792458509573487,pass_1_outputs\Scrum100k\NSGA3.csv
Scrum100k.csv,1,22,22,37,0.7270185185185188,0.70830976093499,0.04419700744193263,0.9586402618811338,pass_1_outputs\Scrum100k\UNSGA3.csv
Scrum100k.csv,1,2,2,37,0.2654957983193279,1.3131378102979603,0.5340740383266425,1.0970090562697605,pass_1_outputs\Scrum100k\RNSGA3.csv
Scrum100k.csv,1,51,51,37,0.7351114982578401,0.6332190319132334,0.056969199953500124,0.942694178670158,pass_1_outputs\Scrum100k\RVEA.csv
Scrum100k.csv,1,23,23,37,0.7046375661375663,0.6943651417763134,0.05214388892063366,0.9521287408861873,pass_1_outputs\Scrum100k\AGEMOEA.csv
Scrum100k.csv,1,23,23,37,0.687106442577031,0.6986624336351499,0.05031950280014096,0.9717076558735107,pass_1_outputs\Scrum100k\AGEMOEA2.csv
Scrum100k.csv,1,20,20,37,0.722059523809524,0.6452689865808573,0.06997146570603527,0.9179345508084319,pass_1_outputs\Scrum100k\CTAEA.csv
Scrum10k.csv,1,13,13,22,0.5886000000000002,0.7692433966129996,0.08924122004682848,1.054177259076356,pass_1_outputs\Scrum10k\NSGA2.csv
Scrum10k.csv,1,3,3,22,0.2254000000000001,0.5289955462113226,0.45634144497064016,1.062927781021772,pass_1_outputs\Scrum10k\MOEAD.csv
Scrum10k.csv,1,14,14,22,0.6382000000000002,0.7544519360002496,0.044188490995778255,1.0082738386616639,pass_1_outputs\Scrum10k\NSGA3.csv
Scrum10k.csv,1,15,15,22,0.6710000000000004,0.7921097116584308,0.029434911313725068,0.9964104330772253,pass_1_outputs\Scrum10k\UNSGA3.csv
Scrum10k.csv,1,2,2,22,0.127846153846154,1.5114748469682686,0.5404254928115217,1.1505030928546767,pass_1_outputs\Scrum10k\RNSGA3.csv
Scrum10k.csv,1,42,42,22,0.8048541666666669,0.6609568568330804,0.0362886149227916,0.933941124210477,pass_1_outputs\Scrum10k\RVEA.csv
Scrum10k.csv,1,16,16,22,0.6598000000000003,0.7661670386723171,0.02642363753754434,0.9876287339926471,pass_1_outputs\Scrum10k\AGEMOEA.csv
Scrum10k.csv,1,18,18,22,0.6614000000000003,0.7872885496815744,0.011089126388350511,1.000862498238423,pass_1_outputs\Scrum10k\AGEMOEA2.csv
Scrum10k.csv,1,17,17,22,0.6526000000000002,0.7824865075614469,0.015640591394622958,1.0287096827838933,pass_1_outputs\Scrum10k\CTAEA.csv
billing10k.csv,1,15,15,21,0.7666185973207251,0.6211460288030202,0.03085844693866612,0.8363936349422101,pass_1_outputs\billing10k\NSGA2.csv
billing10k.csv,1,6,6,21,0.49510559495665896,0.3387899588255252,0.28675719777253394,0.8585089011050376,pass_1_outputs\billing10k\MOEAD.csv
billing10k.csv,1,15,15,21,0.783868400315209,0.5679657617932254,0.02425727076728848,0.8056994715528415,pass_1_outputs\billing10k\NSGA3.csv
billing10k.csv,1,14,14,21,0.7748061465721042,0.5702356903522245,0.029923027620676577,0.8027304134863866,pass_1_outputs\billing10k\UNSGA3.csv
billing10k.csv,1,2,2,21,0.49847832939322323,0.8623690939837727,0.3700887403957351,0.8122506796259296,pass_1_outputs\billing10k\RNSGA3.csv
billing10k.csv,1,41,41,21,0.755420803782506,0.585135600953698,0.06519285137481012,0.8814411994377015,pass_1_outputs\billing10k\RVEA.csv
billing10k.csv,1,16,16,21,0.7822923561859734,0.5452152481970671,0.027520181657631784,0.7945380128419814,pass_1_outputs\billing10k\AGEMOEA.csv
billing10k.csv,1,14,14,21,0.7754050433412137,0.5500404808890152,0.03318593851101988,0.7920360259554275,pass_1_outputs\billing10k\AGEMOEA2.csv
billing10k.csv,1,17,17,21,0.7484074074074076,0.6166671655903433,0.056562388002865234,0.8524085772769789,pass_1_outputs\billing10k\CTAEA.csv
SS-I.csv,1,1,1,1,0.010000000000000018,,1.4142135623730951,1.4142135623730951,pass_1_outputs\SS-I\NSGA2.csv
SS-I.csv,1,2,2,1,0.08266075993176811,0.5152532999434749,1.170975980031803,1.1857142012595956,pass_1_outputs\SS-I\MOEAD.csv
SS-I.csv,1,1,1,1,0.010000000000000018,,1.4142135623730951,1.4142135623730951,pass_1_outputs\SS-I\NSGA3.csv
SS-I.csv,1,1,1,1,0.010000000000000018,,1.4142135623730951,1.4142135623730951,pass_1_outputs\SS-I\UNSGA3.csv
SS-I.csv,1,1,1,1,0.010000000000000018,,1.4142135623730951,1.4142135623730951,pass_1_outputs\SS-I\RNSGA3.csv
SS-I.csv,1,7,7,1,0.24286365578119531,0.39592415143817095,0.952577515382328,1.0742101185604482,pass_1_outputs\SS-I\RVEA.csv
SS-I.csv,1,8,8,1,0.2785544530160533,0.4845492917235896,1.0019997134738237,1.0299224693812428,pass_1_outputs\SS-I\AGEMOEA.csv
SS-I.csv,1,6,6,1,0.2758056555625424,0.5490848053418063,1.0015855839530696,1.0278075585001478,pass_1_outputs\SS-I\AGEMOEA2.csv
SS-I.csv,1,2,2,1,0.08266075993176811,0.5152532999434749,1.170975980031803,1.1857142012595956,pass_1_outputs\SS-I\CTAEA.csv
SS-J.csv,1,25,25,34,0.8077132024309329,0.4988089668546411,0.024225328611654637,0.7235376781447649,pass_1_outputs\SS-J\NSGA2.csv
SS-J.csv,1,4,4,34,0.621760448416595,0.36808998879406224,0.2727847905955517,0.7784438145362458,pass_1_outputs\SS-J\MOEAD.csv
SS-J.csv,1,9,9,34,0.8144993722579599,0.5309711520890686,0.023672535693766077,0.6707730600334473,pass_1_outputs\SS-J\NSGA3.csv
SS-J.csv,1,9,9,34,0.8123189693932298,0.5110074390384544,0.027019402848297805,0.6690426533574576,pass_1_outputs\SS-J\UNSGA3.csv
SS-J.csv,1,4,4,34,0.3228632258332448,0.6327519213442222,0.27190889422911185,0.9642489164294838,pass_1_outputs\SS-J\RNSGA3.csv
SS-J.csv,1,6,6,34,0.6974182086436354,0.4162483912798081,0.27005693841039513,0.7641316351610267,pass_1_outputs\SS-J\RVEA.csv
SS-J.csv,1,23,23,34,0.8086706192923605,0.5924904404612065,0.021604553223003392,0.7666175254405517,pass_1_outputs\SS-J\AGEMOEA.csv
SS-J.csv,1,23,23,34,0.8245479014132052,0.5862786344775861,0.016708391163903838,0.7629582790518803,pass_1_outputs\SS-J\AGEMOEA2.csv
SS-J.csv,1,7,7,34,0.6805974511959046,0.5630289484143753,0.10556949409202568,0.858279057932908,pass_1_outputs\SS-J\CTAEA.csv
SS-K.csv,1,9,9,22,0.900939792516815,0.6825189007861082,0.06032837830235873,0.7465698190233817,pass_1_outputs\SS-K\NSGA2.csv
SS-K.csv,1,4,4,22,0.7110128860043119,0.7790795429545382,0.1501987753476354,0.8150850190906678,pass_1_outputs\SS-K\MOEAD.csv
SS-K.csv,1,3,3,22,0.563558289559155,0.8512652253415839,0.18356803732884144,0.85775033876194,pass_1_outputs\SS-K\NSGA3.csv
SS-K.csv,1,4,4,22,0.783127440062538,0.8388902736246112,0.1420446357632163,0.8014891052722661,pass_1_outputs\SS-K\UNSGA3.csv
SS-K.csv,1,4,4,22,0.7005529766473821,0.7084497373876496,0.0995730315766735,0.7626095721606643,pass_1_outputs\SS-K\RNSGA3.csv
SS-K.csv,1,7,7,22,0.8951569490153497,0.48742523581640335,0.1985001872731818,0.6831577462003476,pass_1_outputs\SS-K\RVEA.csv
SS-K.csv,1,14,14,22,0.8384097324087615,0.490793694607838,0.012673165849985485,0.7612197643063559,pass_1_outputs\SS-K\AGEMOEA.csv
SS-K.csv,1,12,12,22,0.7283367224955594,0.5366319773644417,0.11311924817241398,0.7967767023283784,pass_1_outputs\SS-K\AGEMOEA2.csv
SS-K.csv,1,5,5,22,0.8199764431638831,0.6153724327655847,0.18612329981006093,0.727255093383964,pass_1_outputs\SS-K\CTAEA.csv
SS-L.csv,1,5,5,7,0.9490014359452015,0.7363458687156192,0.03532668632407105,0.6630632460646038,pass_1_outputs\SS-L\NSGA2.csv
SS-L.csv,1,1,1,7,0.8343276283618586,,0.47414979649369854,0.26503911164057953,pass_1_outputs\SS-L\MOEAD.csv
SS-L.csv,1,4,4,7,0.921213955834983,0.7864928981341796,0.04410126202810712,0.6204923891185208,pass_1_outputs\SS-L\NSGA3.csv
SS-L.csv,1,5,5,7,0.9267695113905385,0.7921212481912145,0.03532668632407105,0.6963939112948166,pass_1_outputs\SS-L\UNSGA3.csv
SS-L.csv,1,1,1,7,0.1204959832343696,,0.7299466981452474,0.9861975568854003,pass_1_outputs\SS-L\RNSGA3.csv
SS-L.csv,1,11,11,7,0.9606888656032911,0.644865779207301,0.020507958684696438,0.6780502276140702,pass_1_outputs\SS-L\RVEA.csv
SS-L.csv,1,5,5,7,0.946672876159429,0.7367884688341872,0.03788123864993823,0.6682529810060518,pass_1_outputs\SS-L\AGEMOEA.csv
SS-L.csv,1,5,5,7,0.9439174137462649,0.7443084105850127,0.020282211108676847,0.6630632460646038,pass_1_outputs\SS-L\AGEMOEA2.csv
SS-L.csv,1,6,6,7,0.9737559669344512,0.49796478371235336,0.2217944202190972,0.5825356877699502,pass_1_outputs\SS-L\CTAEA.csv
SS-N.csv,1,5,5,1,0.5733459185292629,0.5706469627655902,0.5302347484218846,0.8708559183086614,pass_1_outputs\SS-N\NSGA2.csv
SS-N.csv,1,1,1,1,0.010000000000000018,,1.4142135623730951,1.4142135623730951,pass_1_outputs\SS-N\MOEAD.csv
SS-N.csv,1,4,4,1,0.4935727310521515,0.7627678497419773,0.641298078257874,0.9315646804319793,pass_1_outputs\SS-N\NSGA3.csv
SS-N.csv,1,5,5,1,0.5982636123886204,0.7025606257366309,0.5468558677106099,0.8651317537354629,pass_1_outputs\SS-N\UNSGA3.csv
SS-N.csv,1,7,7,1,0.9683752111478753,0.5368769164996929,0.21192509123910075,0.5635983783311357,pass_1_outputs\SS-N\RNSGA3.csv
SS-N.csv,1,11,11,1,0.860204799245852,0.5099674290200762,0.3644458320202803,0.6776379287434243,pass_1_outputs\SS-N\RVEA.csv
SS-N.csv,1,8,8,1,0.42866610756127477,0.551084856976033,0.7412430927462161,0.9553983019154565,pass_1_outputs\SS-N\AGEMOEA.csv
SS-N.csv,1,9,9,1,1.0153337141534688,0.5756228954129263,0.20436135339147085,0.5726208896098414,pass_1_outputs\SS-N\AGEMOEA2.csv
SS-N.csv,1,5,5,1,0.56690428937103,0.7281032257562565,0.7316534716103104,0.8826324668342759,pass_1_outputs\SS-N\CTAEA.csv
SS-P.csv,1,6,6,7,0.9494729693018205,0.7962285712426463,0.011507635404640778,0.7192193717205032,pass_1_outputs\SS-P\NSGA2.csv
SS-P.csv,1,2,2,7,0.8915946753599568,0.08442466607538625,0.44248801487501516,0.2634823081549129,pass_1_outputs\SS-P\MOEAD.csv
SS-P.csv,1,4,4,7,0.921213955834983,0.7864928981341796,0.04410126202810712,0.6204923891185208,pass_1_outputs\SS-P\NSGA3.csv
SS-P.csv,1,6,6,7,0.9890138549307256,0.6589854528081598,0.026363834113881664,0.5986502187234984,pass_1_outputs\SS-P\UNSGA3.csv
SS-P.csv,1,1,1,7,0.13180502192727137,,0.7220256860368343,0.9753871388226452,pass_1_outputs\SS-P\RNSGA3.csv
SS-P.csv,1,10,10,7,0.967688128226026,0.6291064074071895,0.03255115011607708,0.6395609783925725,pass_1_outputs\SS-P\RVEA.csv
SS-P.csv,1,5,5,7,0.9490014359452015,0.7363458687156191,0.03532668632407105,0.6630632460646038,pass_1_outputs\SS-P\AGEMOEA.csv
SS-P.csv,1,6,6,7,0.9494729693018205,0.7962285712426461,0.011507635404640778,0.7192193717205032,pass_1_outputs\SS-P\AGEMOEA2.csv
SS-P.csv,1,5,5,7,0.9863579523251271,0.614926296118911,0.04446126283822287,0.5187833728936158,pass_1_outputs\SS-P\CTAEA.csv
SS-Q.csv,1,31,31,57,1.2105077182700557,0.6388131283369999,0.029863032767740973,0.6294491073787636,pass_1_outputs\SS-Q\NSGA2.csv
SS-Q.csv,1,2,2,57,0.22579327166244575,0.08998739257185526,0.6379923853294285,0.9552984948661913,pass_1_outputs\SS-Q\MOEAD.csv
SS-Q.csv,1,11,11,57,1.1811077390167082,0.4833030676602808,0.1477957997702663,0.38483805426864115,pass_1_outputs\SS-Q\NSGA3.csv
SS-Q.csv,1,9,9,57,1.1872423081032166,0.5401167894061787,0.13184212326315534,0.42451929899035457,pass_1_outputs\SS-Q\UNSGA3.csv
SS-Q.csv,1,2,2,57,1.0990568672882783,0.9011209041127966,0.39422806425197926,0.5646296111670277,pass_1_outputs\SS-Q\RNSGA3.csv
SS-Q.csv,1,20,20,57,0.9221684638795742,0.2339418469586547,0.22502996486086682,0.5357269179184952,pass_1_outputs\SS-Q\RVEA.csv
SS-Q.csv,1,30,30,57,1.2085150594892722,0.6270726228203463,0.02061704426977957,0.6713932942416425,pass_1_outputs\SS-Q\AGEMOEA.csv
SS-Q.csv,1,21,21,57,1.2110541440851503,0.6087637451313977,0.027760732076259266,0.6089981194021493,pass_1_outputs\SS-Q\AGEMOEA2.csv
SS-Q.csv,1,14,14,57,0.7689966928379834,0.4968933819586081,0.12889926000636476,0.8763479457350997,pass_1_outputs\SS-Q\CTAEA.csv
SS-R.csv,1,24,24,35,1.0606393569616595,0.5555447634452799,0.021641565442678624,0.6190147925833047,pass_1_outputs\SS-R\NSGA2.csv
SS-R.csv,1,2,2,35,0.7289863582895653,0.9669077296920846,0.1936855560705732,0.7029456640485514,pass_1_outputs\SS-R\MOEAD.csv
SS-R.csv,1,9,9,35,1.0279975743217071,0.5269138202831152,0.0767221340222287,0.5006046058439163,pass_1_outputs\SS-R\NSGA3.csv
SS-R.csv,1,8,8,35,1.0118985228532258,0.5834418726657213,0.08661960705523615,0.5483839073139671,pass_1_outputs\SS-R\UNSGA3.csv
SS-R.csv,1,1,1,35,0.11000000000000011,,0.7720629238933151,1.0,pass_1_outputs\SS-R\RNSGA3.csv
SS-R.csv,1,5,5,35,0.9645817200561346,0.5221576304934519,0.14966595635795035,0.5601340367279446,pass_1_outputs\SS-R\RVEA.csv
SS-R.csv,1,25,25,35,1.0603211605609144,0.5582472897474732,0.018436718871298885,0.5981994974177567,pass_1_outputs\SS-R\AGEMOEA.csv
SS-R.csv,1,24,24,35,1.0559415412820725,0.5625573092584194,0.017642300455685943,0.6055646148940377,pass_1_outputs\SS-R\AGEMOEA2.csv
SS-R.csv,1,8,8,35,1.0150696796531031,0.6349996200358656,0.04707960955762209,0.6310676338564547,pass_1_outputs\SS-R\CTAEA.csv
SS-S.csv,1,14,14,44,1.206807143671346,0.34796857157013655,0.09280901228725208,0.23221911232390494,pass_1_outputs\SS-S\NSGA2.csv
SS-S.csv,1,2,2,44,0.23730017973115247,0.08853375396995691,0.5141354908699948,0.9285350874169259,pass_1_outputs\SS-S\MOEAD.csv
SS-S.csv,1,4,4,44,1.1927083798290536,0.6270871264176681,0.16250116263846628,0.3593937869395164,pass_1_outputs\SS-S\NSGA3.csv
SS-S.csv,1,7,7,44,1.2080108392142725,0.30765964919829536,0.1704975188271621,0.17369451044120016,pass_1_outputs\SS-S\UNSGA3.csv
SS-S.csv,1,5,5,44,1.1996257943689874,0.7476798358323898,0.11366764438613998,0.46122102220137917,pass_1_outputs\SS-S\RNSGA3.csv
SS-S.csv,1,11,11,44,1.1890342613660292,0.4475869677996473,0.19845253854868944,0.3518846234446935,pass_1_outputs\SS-S\RVEA.csv
SS-S.csv,1,15,15,44,1.1997259258003832,0.2978710873507197,0.11865116453774648,0.21773835906234454,pass_1_outputs\SS-S\AGEMOEA.csv
SS-S.csv,1,19,19,44,1.2072002856619553,0.5305412317362677,0.07839116046931947,0.3633915803601955,pass_1_outputs\SS-S\AGEMOEA2.csv
SS-S.csv,1,5,5,44,0.6464555042823387,0.2526589182269023,0.2934730206319473,0.75515016309971,pass_1_outputs\SS-S\CTAEA.csv
SS-T.csv,1,29,29,76,1.1818499204487458,0.42560303513806563,0.009579886553375733,0.39806013972706966,pass_1_outputs\SS-T\NSGA2.csv
SS-T.csv,1,3,3,76,0.8673049200217631,0.16050757157385168,0.35629378667518996,0.4594423523707068,pass_1_outputs\SS-T\MOEAD.csv
SS-T.csv,1,8,8,76,1.138289284925288,0.4927867192307772,0.11100605689526576,0.3538453506799551,pass_1_outputs\SS-T\NSGA3.csv
SS-T.csv,1,9,9,76,1.139367015704783,0.4644232381404614,0.07820482414760707,0.3634536921767262,pass_1_outputs\SS-T\UNSGA3.csv
SS-T.csv,1,3,3,76,0.9753775346742052,1.015546320986559,0.17620613425296544,0.7123840708958579,pass_1_outputs\SS-T\RNSGA3.csv
SS-T.csv,1,6,6,76,1.0131703570384096,0.4115339265994109,0.29122183602712737,0.47684367158636903,pass_1_outputs\SS-T\RVEA.csv
SS-T.csv,1,30,30,76,1.1823212683743451,0.3260550212750041,0.008934487545730336,0.3312266225217449,pass_1_outputs\SS-T\AGEMOEA.csv
SS-T.csv,1,28,28,76,1.1812082666828416,0.5187572029966272,0.01168285651717362,0.4789321495404853,pass_1_outputs\SS-T\AGEMOEA2.csv
SS-T.csv,1,7,7,76,1.1202797734908452,0.46457506967201895,0.07753179650644633,0.4644684734457143,pass_1_outputs\SS-T\CTAEA.csv
SS-U.csv,1,15,15,22,0.9047403062990347,0.37842169755151,0.01990222019585811,0.7377400082627941,pass_1_outputs\SS-U\NSGA2.csv
SS-U.csv,1,6,6,22,0.890230426521134,0.6521955648270248,0.038025941676692133,0.7154007477578824,pass_1_outputs\SS-U\MOEAD.csv
SS-U.csv,1,5,5,22,0.8915772927054859,0.5555779293533462,0.038937847403385614,0.6846391260837901,pass_1_outputs\SS-U\NSGA3.csv
SS-U.csv,1,5,5,22,0.8875123302573277,0.5519396487268625,0.038807577370758045,0.683520309155426,pass_1_outputs\SS-U\UNSGA3.csv
SS-U.csv,1,2,2,22,0.5928377147497375,1.1659274713315857,0.2616401547369845,0.8053981991557009,pass_1_outputs\SS-U\RNSGA3.csv
SS-U.csv,1,9,9,22,0.8919032450997403,0.4449080346345167,0.035707652415486194,0.6801294782660386,pass_1_outputs\SS-U\RVEA.csv
SS-U.csv,1,19,19,22,0.9050692590122802,0.459656003288028,0.002098199756666696,0.7296542464737312,pass_1_outputs\SS-U\AGEMOEA.csv
SS-U.csv,1,22,22,22,0.9022093995531206,0.3598546256277729,0.020503628278942546,0.6648031429911122,pass_1_outputs\SS-U\AGEMOEA2.csv
SS-U.csv,1,9,9,22,0.8994837820812999,0.4411078452280755,0.027738633107168696,0.6562811303063347,pass_1_outputs\SS-U\CTAEA.csv
SS-W.csv,1,3,3,9,0.3980148651007612,0.2176646526958521,0.45985121085456665,0.8664693281532458,pass_1_outputs\SS-W\NSGA2.csv
SS-W.csv,1,2,2,9,0.1985158478035457,0.1897126280635497,0.7894511912828317,0.990396497923348,pass_1_outputs\SS-W\MOEAD.csv
SS-W.csv,1,4,4,9,0.3826645814745651,0.40701605683043973,0.36720428372615505,0.9032870137104451,pass_1_outputs\SS-W\NSGA3.csv
SS-W.csv,1,2,2,9,0.6712772886446856,0.7674594487129639,0.2504680130248931,0.7117430489236278,pass_1_outputs\SS-W\UNSGA3.csv
SS-W.csv,1,1,1,9,0.11000000000000011,,0.724016993725228,1.0,pass_1_outputs\SS-W\RNSGA3.csv
SS-W.csv,1,5,5,9,0.38328439292929284,0.1940330890322048,0.6493308235880487,0.8926176397215926,pass_1_outputs\SS-W\RVEA.csv
SS-W.csv,1,2,2,9,0.5705374897717737,0.49835774726254084,0.4306332017984056,0.7695101921910461,pass_1_outputs\SS-W\AGEMOEA.csv
SS-W.csv,1,2,2,9,0.3918793400441361,0.3241906599472409,0.4769749862204215,0.8601409642241722,pass_1_outputs\SS-W\AGEMOEA2.csv
SS-W.csv,1,4,4,9,0.5858266765650173,0.5139163252291667,0.37418859309716807,0.7579003041821681,pass_1_outputs\SS-W\CTAEA.csv
BankChurners.csv,1,32,32,358,0.855099733979985,0.47730288541775096,0.04725263544381069,0.9426162456364467,pass_1_outputs\BankChurners\NSGA2.csv
BankChurners.csv,1,49,49,358,0.455528607777939,0.2633024215986742,0.07023837873282311,0.9488420077176628,pass_1_outputs\BankChurners\MOEAD.csv
BankChurners.csv,1,16,16,358,0.8579672222691834,0.6531468442068994,0.09836951509991115,0.8891103568060883,pass_1_outputs\BankChurners\NSGA3.csv
BankChurners.csv,1,14,14,358,0.9183304290341558,0.8170586526974787,0.07766998689921648,0.9517134004850069,pass_1_outputs\BankChurners\UNSGA3.csv
BankChurners.csv,1,3,3,358,0.482408281551013,0.6688520645492804,0.20557667998565682,0.9264467526670975,pass_1_outputs\BankChurners\RNSGA3.csv
BankChurners.csv,1,64,64,358,0.4695407873793178,0.5530951123473073,0.09785856399863296,1.003578927699722,pass_1_outputs\BankChurners\RVEA.csv
BankChurners.csv,1,34,34,358,0.8483490880284734,0.43900120520877384,0.05272868533154749,0.9329660420077945,pass_1_outputs\BankChurners\AGEMOEA.csv
BankChurners.csv,1,36,36,358,0.5655713889734867,0.6185504999094845,0.051380676871831205,1.0018589450228599,pass_1_outputs\BankChurners\AGEMOEA2.csv
BankChurners.csv,1,187,187,358,0.9272861455153146,0.3380145041028989,0.017275429979693037,0.9255235956819468,pass_1_outputs\BankChurners\CTAEA.csv
Loan.csv,1,33,33,312,0.17149541932853507,0.6745210355766839,0.23318430667367204,1.4280240592253248,pass_1_outputs\Loan\NSGA2.csv
Loan.csv,1,7,7,312,0.1546950819525592,0.5579854174427115,0.35147328994602806,1.2584203978435915,pass_1_outputs\Loan\MOEAD.csv
Loan.csv,1,68,68,312,0.36458048207315696,0.6478032648792927,0.14117593813882137,1.2781591375532035,pass_1_outputs\Loan\NSGA3.csv
Loan.csv,1,68,68,312,0.3600908177056539,0.6758843293237641,0.14074751231155988,1.2970350707246792,pass_1_outputs\Loan\UNSGA3.csv
Loan.csv,1,1,1,312,0.021276209927087588,,0.5331812919921557,1.4268575269159707,pass_1_outputs\Loan\RNSGA3.csv
Loan.csv,1,89,89,312,0.3028255879824444,0.7176195936481721,0.18483400915071022,1.4662841189432627,pass_1_outputs\Loan\RVEA.csv
Loan.csv,1,38,38,312,0.17457542334799653,0.5976006042905652,0.209033502747181,1.3966794026130036,pass_1_outputs\Loan\AGEMOEA.csv
Loan.csv,1,30,30,312,0.21644183438504128,0.5100170677548455,0.22006890041563,1.3231238104137928,pass_1_outputs\Loan\AGEMOEA2.csv
Loan.csv,1,156,156,312,0.38980845865531666,0.5468341194916155,0.08113927683187752,1.2629848519832758,pass_1_outputs\Loan\CTAEA.csv
WA_Fn-UseC_-Telco-Customer-Churn.csv,1,3,3,4,0.3164482780900697,0.3416966996947524,0.5527664346247682,0.9320667957053459,pass_1_outputs\WA_Fn-UseC_-Telco-Customer-Churn\NSGA2.csv
WA_Fn-UseC_-Telco-Customer-Churn.csv,1,2,2,4,0.18676013972310285,1.2591079930685432,0.699207715110668,1.0123846168720259,pass_1_outputs\WA_Fn-UseC_-Telco-Customer-Churn\MOEAD.csv
WA_Fn-UseC_-Telco-Customer-Churn.csv,1,3,3,4,0.3164482780900697,0.3416966996947524,0.5527664346247682,0.9320667957053459,pass_1_outputs\WA_Fn-UseC_-Telco-Customer-Churn\NSGA3.csv
WA_Fn-UseC_-Telco-Customer-Churn.csv,1,4,4,4,0.4477229114169412,0.31118751145050944,0.4875786527505653,0.8546491969385362,pass_1_outputs\WA_Fn-UseC_-Telco-Customer-Churn\UNSGA3.csv
WA_Fn-UseC_-Telco-Customer-Churn.csv,1,3,3,4,0.19647118967664498,0.6794594003747415,0.5786245642566705,1.0977146430364153,pass_1_outputs\WA_Fn-UseC_-Telco-Customer-Churn\RNSGA3.csv
WA_Fn-UseC_-Telco-Customer-Churn.csv,1,10,10,4,1.1895136590820916,0.3642728119636777,0.02241312521216593,0.23450150331503364,pass_1_outputs\WA_Fn-UseC_-Telco-Customer-Churn\RVEA.csv
WA_Fn-UseC_-Telco-Customer-Churn.csv,1,5,5,4,0.6438414067221407,0.5785044916439986,0.27983772771753956,0.8541223252852038,pass_1_outputs\WA_Fn-UseC_-Telco-Customer-Churn\AGEMOEA.csv
WA_Fn-UseC_-Telco-Customer-Churn.csv,1,5,5,4,0.5185837865898071,0.5640605008685112,0.36151849954390997,0.8833521367662909,pass_1_outputs\WA_Fn-UseC_-Telco-Customer-Churn\AGEMOEA2.csv
WA_Fn-UseC_-Telco-Customer-Churn.csv,1,3,3,4,0.36627544097693343,0.37288807571104104,0.5235579976462811,0.9169780588343174,pass_1_outputs\WA_Fn-UseC_-Telco-Customer-Churn\CTAEA.csv
home_data_for_ml_course.csv,1,3,3,6,0.7930534535353788,1.1354308206852435,0.3642586132319552,0.9273356015355878,pass_1_outputs\home_data_for_ml_course\NSGA2.csv
home_data_for_ml_course.csv,1,1,1,6,0.042350000000000054,,1.2494285502379618,1.25,pass_1_outputs\home_data_for_ml_course\MOEAD.csv
home_data_for_ml_course.csv,1,5,5,6,0.8019189330621763,1.0384106390511272,0.136345479872973,1.0401263995531074,pass_1_outputs\home_data_for_ml_course\NSGA3.csv
home_data_for_ml_course.csv,1,6,6,6,0.802267293717914,1.0351047762561818,0.04630331318439063,1.106163860865041,pass_1_outputs\home_data_for_ml_course\UNSGA3.csv
home_data_for_ml_course.csv,1,2,2,6,0.7767448302373459,0.8483333691094586,0.5643240967007926,0.7660034023033816,pass_1_outputs\home_data_for_ml_course\RNSGA3.csv
home_data_for_ml_course.csv,1,2,2,6,0.04918064516129037,0.2509761343414494,1.2381777407613654,1.325714552336286,pass_1_outputs\home_data_for_ml_course\RVEA.csv
home_data_for_ml_course.csv,1,3,3,6,0.7930534535353788,1.1354308206852435,0.3642586132319552,0.9273356015355878,pass_1_outputs\home_data_for_ml_course\AGEMOEA.csv
home_data_for_ml_course.csv,1,3,3,6,0.7930534535353788,1.1354308206852435,0.3642586132319552,0.9273356015355878,pass_1_outputs\home_data_for_ml_course\AGEMOEA2.csv
home_data_for_ml_course.csv,1,5,5,6,0.8019189330621763,1.0384106390511272,0.136345479872973,1.0401263995531076,pass_1_outputs\home_data_for_ml_course\CTAEA.csv
Data_COVID19_Indonesia.csv,1,23,23,35,0.3795196364741909,0.6691717419709834,0.020532067538067262,1.0580420001812747,pass_1_outputs\Data_COVID19_Indonesia\NSGA2.csv
Data_COVID19_Indonesia.csv,1,8,8,35,0.23595227315114717,0.8210244424982892,0.098245357552881,1.2250131132569926,pass_1_outputs\Data_COVID19_Indonesia\MOEAD.csv
Data_COVID19_Indonesia.csv,1,8,8,35,0.3474322824295883,0.7307392545103921,0.06107644127285953,1.0761033162265916,pass_1_outputs\Data_COVID19_Indonesia\NSGA3.csv
Data_COVID19_Indonesia.csv,1,8,8,35,0.33950888861754686,0.7319435719571009,0.05772831218760685,1.0707738149226471,pass_1_outputs\Data_COVID19_Indonesia\UNSGA3.csv
Data_COVID19_Indonesia.csv,1,3,3,35,0.18597825581506522,1.073669083944053,0.15470622656546093,1.1793419446614943,pass_1_outputs\Data_COVID19_Indonesia\RNSGA3.csv
Data_COVID19_Indonesia.csv,1,23,23,35,0.6448568431069701,0.5895906266699578,0.035443921784355195,0.9549184855644037,pass_1_outputs\Data_COVID19_Indonesia\RVEA.csv
Data_COVID19_Indonesia.csv,1,22,22,35,0.32141045928257966,0.4689220635565712,0.058232913806740366,1.025440170560349,pass_1_outputs\Data_COVID19_Indonesia\AGEMOEA.csv
Data_COVID19_Indonesia.csv,1,21,21,35,0.35084256220521204,0.5527620984900068,0.038786408643681075,1.0300015140410832,pass_1_outputs\Data_COVID19_Indonesia\AGEMOEA2.csv
Data_COVID19_Indonesia.csv,1,17,17,35,0.3407927400574651,0.7629609944767723,0.034229995135534284,1.1024143475135306,pass_1_outputs\Data_COVID19_Indonesia\CTAEA.csv
Life_Expectancy_Data.csv,1,2,2,3,0.8508527131782967,0.7471661905272845,0.3376571253182807,0.6376101247260988,pass_1_outputs\Life_Expectancy_Data\NSGA2.csv
Life_Expectancy_Data.csv,1,2,2,3,0.21333333333333399,0.7146349090688708,0.5173816736027771,1.0083295457709514,pass_1_outputs\Life_Expectancy_Data\MOEAD.csv
Life_Expectancy_Data.csv,1,2,2,3,0.8508527131782967,0.7471661905272845,0.3376571253182807,0.6376101247260988,pass_1_outputs\Life_Expectancy_Data\NSGA3.csv
Life_Expectancy_Data.csv,1,3,3,3,0.9012925170068044,1.0238956793961222,0.06513267468225416,0.7493250201930896,pass_1_outputs\Life_Expectancy_Data\UNSGA3.csv
Life_Expectancy_Data.csv,1,3,3,3,0.8625000000000019,1.0290513773414183,0.0,0.7642058325893295,pass_1_outputs\Life_Expectancy_Data\RNSGA3.csv
Life_Expectancy_Data.csv,1,8,8,3,1.20371609403255,0.45080281688767443,0.0,0.2848309090259206,pass_1_outputs\Life_Expectancy_Data\RVEA.csv
Life_Expectancy_Data.csv,1,3,3,3,0.8625000000000019,1.0290513773414183,0.0,0.7642058325893295,pass_1_outputs\Life_Expectancy_Data\AGEMOEA.csv
Life_Expectancy_Data.csv,1,3,3,3,0.8764341085271338,1.024553061134579,0.025773817582242637,0.7584067498173992,pass_1_outputs\Life_Expectancy_Data\AGEMOEA2.csv
Life_Expectancy_Data.csv,1,6,6,3,0.3842733457019184,0.5439320573118785,0.36633337949810824,0.9637464847244108,pass_1_outputs\Life_Expectancy_Data\CTAEA.csv
Health-ClosedIssues0000.csv,1,4,4,2,0.12623149143313955,0.7515777645275169,0.7483928964535507,1.2531533584428076,pass_1_outputs\Health-ClosedIssues0000\NSGA2.csv
Health-ClosedIssues0000.csv,1,4,4,2,0.18703510820351607,0.7112391760437525,0.6619138396468569,1.1907054971857718,pass_1_outputs\Health-ClosedIssues0000\MOEAD.csv
Health-ClosedIssues0000.csv,1,7,7,2,0.2501573464714186,0.7630082467641938,0.6510146956395668,1.1556509121348608,pass_1_outputs\Health-ClosedIssues0000\NSGA3.csv
Health-ClosedIssues0000.csv,1,6,6,2,0.2831916774401893,0.7817677550747877,0.6369016392194977,1.1397853441573988,pass_1_outputs\Health-ClosedIssues0000\UNSGA3.csv
Health-ClosedIssues0000.csv,1,2,2,2,0.115561531391627,0.7379350494436904,1.061858781123198,1.1454172717926485,pass_1_outputs\Health-ClosedIssues0000\RNSGA3.csv
Health-ClosedIssues0000.csv,1,21,21,2,0.8597267921109565,0.6025624308665396,0.3110892462216714,0.9109099065143402,pass_1_outputs\Health-ClosedIssues0000\RVEA.csv
Health-ClosedIssues0000.csv,1,6,6,2,0.22394814928398638,0.5605916380086101,0.6303089627517912,1.1357006571406734,pass_1_outputs\Health-ClosedIssues0000\AGEMOEA.csv
Health-ClosedIssues0000.csv,1,7,7,2,0.24594707134752264,0.538261312362857,0.6061723928373618,1.106442019870427,pass_1_outputs\Health-ClosedIssues0000\AGEMOEA2.csv
Health-ClosedIssues0000.csv,1,10,10,2,0.24771554563311393,0.7091479736609269,0.6510146956395668,1.1704535342902302,pass_1_outputs\Health-ClosedIssues0000\CTAEA.csv
Health-ClosedIssues0001.csv,1,24,24,4,0.04452546852764195,0.10688448940551372,0.9980588482173066,1.4070352054917967,pass_1_outputs\Health-ClosedIssues0001\NSGA2.csv
Health-ClosedIssues0001.csv,1,3,3,4,0.29734607056734563,1.3441452774442977,0.051329819434902384,1.013086149704054,pass_1_outputs\Health-ClosedIssues0001\MOEAD.csv
Health-ClosedIssues0001.csv,1,2,2,4,0.3160312014286514,1.3693770303949062,0.5696448194282212,1.1828624004736499,pass_1_outputs\Health-ClosedIssues0001\NSGA3.csv
Health-ClosedIssues0001.csv,1,6,6,4,0.18086040523090136,0.6697644701312394,0.6025675346751427,1.211995478144188,pass_1_outputs\Health-ClosedIssues0001\UNSGA3.csv
Health-ClosedIssues0001.csv,1,3,3,4,0.05588038525821214,0.6161761181759068,0.8368159244715967,1.3715390395297593,pass_1_outputs\Health-ClosedIssues0001\RNSGA3.csv
Health-ClosedIssues0001.csv,1,17,17,4,0.8258656680688075,0.5666055611386056,0.266126077709131,1.0612211951590826,pass_1_outputs\Health-ClosedIssues0001\RVEA.csv
Health-ClosedIssues0001.csv,1,29,29,4,0.046704007199778415,0.08973661363613913,0.9893481316011032,1.4078513885421005,pass_1_outputs\Health-ClosedIssues0001\AGEMOEA.csv
Health-ClosedIssues0001.csv,1,29,29,4,0.046704007199778415,0.08973661363613913,0.9893481316011032,1.4078513885421005,pass_1_outputs\Health-ClosedIssues0001\AGEMOEA2.csv
Health-ClosedIssues0001.csv,1,2,2,4,0.19638781072019684,1.3741929102645192,0.362337159358722,1.019629224556081,pass_1_outputs\Health-ClosedIssues0001\CTAEA.csv
Health-ClosedIssues0002.csv,1,32,32,3275,0.12100000000000014,0.0,0.0035967370447685136,1.0,pass_1_outputs\Health-ClosedIssues0002\NSGA2.csv
Health-ClosedIssues0002.csv,1,25,25,3275,0.12100000000000014,0.0,0.0035967370447685136,1.0,pass_1_outputs\Health-ClosedIssues0002\MOEAD.csv
Health-ClosedIssues0002.csv,1,4,4,3275,0.8900245691235787,0.9813717071546182,0.00020823662468102538,0.7887918592873346,pass_1_outputs\Health-ClosedIssues0002\NSGA3.csv
Health-ClosedIssues0002.csv,1,3,3,3275,0.5536989365603237,0.9575140900050124,0.0011505161919907504,0.8924549967651073,pass_1_outputs\Health-ClosedIssues0002\UNSGA3.csv
Health-ClosedIssues0002.csv,1,1,1,3275,0.12100000000000014,,0.0035967370447685136,1.0,pass_1_outputs\Health-ClosedIssues0002\RNSGA3.csv
Health-ClosedIssues0002.csv,1,8,8,3275,1.1854863097420858,0.9224695103999131,2.928682419509212e-05,1.0126598728268026,pass_1_outputs\Health-ClosedIssues0002\RVEA.csv
Health-ClosedIssues0002.csv,1,35,35,3275,0.12840154015401556,0.09121095470396216,0.0031531495624214615,1.0125110661932686,pass_1_outputs\Health-ClosedIssues0002\AGEMOEA.csv
Health-ClosedIssues0002.csv,1,35,35,3275,0.12840154015401556,0.09121095470396216,0.0031531495624214615,1.0125110661932686,pass_1_outputs\Health-ClosedIssues0002\AGEMOEA2.csv
Health-ClosedIssues0002.csv,1,27,27,3275,0.8393923725705901,0.27883047262616684,0.00010325780400531526,0.902836946593719,pass_1_outputs\Health-ClosedIssues0002\CTAEA.csv
Health-ClosedIssues0003.csv,1,4,4,7,0.18510458088061324,1.086356544659813,0.36177298288135595,1.2826702204058873,pass_1_outputs\Health-ClosedIssues0003\NSGA2.csv
Health-ClosedIssues0003.csv,1,1,1,7,0.36132776733072225,,0.8321835799976457,0.7475167785842928,pass_1_outputs\Health-ClosedIssues0003\MOEAD.csv
Health-ClosedIssues0003.csv,1,4,4,7,0.21149549129687667,1.0737866042530326,0.23901896224117922,1.1755950854463162,pass_1_outputs\Health-ClosedIssues0003\NSGA3.csv
Health-ClosedIssues0003.csv,1,7,7,7,0.2690944753090346,0.8739426065395987,0.18427312330976636,1.1360555760603026,pass_1_outputs\Health-ClosedIssues0003\UNSGA3.csv
Health-ClosedIssues0003.csv,1,2,2,7,0.07057442914986006,1.334215115166364,0.586136816504552,1.2834660682118464,pass_1_outputs\Health-ClosedIssues0003\RNSGA3.csv
Health-ClosedIssues0003.csv,1,17,17,7,1.1378180087612122,0.46989848636421305,0.06665422572810452,0.5694461038754524,pass_1_outputs\Health-ClosedIssues0003\RVEA.csv
Health-ClosedIssues0003.csv,1,2,2,7,0.04146029097798576,0.5501805256674672,0.6498428341546614,1.3235959947656426,pass_1_outputs\Health-ClosedIssues0003\AGEMOEA.csv
Health-ClosedIssues0003.csv,1,2,2,7,0.048819954065515446,0.7068096102970907,0.6507902186983708,1.3164569389031335,pass_1_outputs\Health-ClosedIssues0003\AGEMOEA2.csv
Health-ClosedIssues0003.csv,1,6,6,7,0.7830293927072817,0.7123389001612459,0.09258465700278097,0.8214325107475465,pass_1_outputs\Health-ClosedIssues0003\CTAEA.csv
Health-ClosedIssues0004.csv,1,10,10,8,0.7199997548328934,0.4939922728322202,0.23778017776947327,0.8221703524549948,pass_1_outputs\Health-ClosedIssues0004\NSGA2.csv
Health-ClosedIssues0004.csv,1,7,7,8,0.4347864402101987,0.32501186289589523,0.6072354154995632,0.9039910189070774,pass_1_outputs\Health-ClosedIssues0004\MOEAD.csv
Health-ClosedIssues0004.csv,1,9,9,8,0.5796573831745055,0.4500885437155979,0.34440824228608524,0.8918744620010739,pass_1_outputs\Health-ClosedIssues0004\NSGA3.csv
Health-ClosedIssues0004.csv,1,6,6,8,0.1965637618808374,0.8079990470316989,0.26145968171699996,1.2863484720477627,pass_1_outputs\Health-ClosedIssues0004\UNSGA3.csv
Health-ClosedIssues0004.csv,1,1,1,8,0.12100000000000014,,0.9664995566320025,1.0,pass_1_outputs\Health-ClosedIssues0004\RNSGA3.csv
Health-ClosedIssues0004.csv,1,21,21,8,1.1570553543140922,0.5670792655297595,0.10325792315076812,0.8123728707770109,pass_1_outputs\Health-ClosedIssues0004\RVEA.csv
Health-ClosedIssues0004.csv,1,3,3,8,0.4767531695653999,0.7783784484503178,0.3592705346692363,0.859530843610702,pass_1_outputs\Health-ClosedIssues0004\AGEMOEA.csv
Health-ClosedIssues0004.csv,1,14,14,8,0.7502089039181302,0.549631484320409,0.18521060340351067,0.8100234294777336,pass_1_outputs\Health-ClosedIssues0004\AGEMOEA2.csv
Health-ClosedIssues0004.csv,1,20,20,8,0.48546144267030167,0.6377944663851498,0.2605083077536052,1.0158136771079935,pass_1_outputs\Health-ClosedIssues0004\CTAEA.csv
Health-ClosedIssues0005.csv,1,2,2,4,1.0951486315147743,0.9194755389618213,0.582727717480614,0.5778299963012182,pass_1_outputs\Health-ClosedIssues0005\NSGA2.csv
Health-ClosedIssues0005.csv,1,1,1,4,0.07554957643032209,,1.0032995582667854,1.0895951466069083,pass_1_outputs\Health-ClosedIssues0005\MOEAD.csv
Health-ClosedIssues0005.csv,1,8,8,4,0.39891261067085343,0.8452148519912883,0.3527170180601564,1.0790618041822029,pass_1_outputs\Health-ClosedIssues0005\NSGA3.csv
Health-ClosedIssues0005.csv,1,3,3,4,1.083864846264602,1.3497409397764288,0.22986888474045533,0.9855053260400731,pass_1_outputs\Health-ClosedIssues0005\UNSGA3.csv
Health-ClosedIssues0005.csv,1,2,2,4,0.2989458582692068,0.7057431360626992,0.8390875769297279,0.9923010907271864,pass_1_outputs\Health-ClosedIssues0005\RNSGA3.csv
Health-ClosedIssues0005.csv,1,16,16,4,0.7450072347561003,0.7088096456463726,0.3430499396822438,0.8680753593863337,pass_1_outputs\Health-ClosedIssues0005\RVEA.csv
Health-ClosedIssues0005.csv,1,11,11,4,0.4323914959630505,0.7903314871364887,0.33580571107346924,1.0876962595692412,pass_1_outputs\Health-ClosedIssues0005\AGEMOEA.csv
Health-ClosedIssues0005.csv,1,11,11,4,0.3362079326847008,0.8684965129926195,0.19807046067157927,1.1779448090740123,pass_1_outputs\Health-ClosedIssues0005\AGEMOEA2.csv
Health-ClosedIssues0005.csv,1,12,12,4,0.5792393984087465,0.7248456232469298,0.37078545381551176,0.947860127048315,pass_1_outputs\Health-ClosedIssues0005\CTAEA.csv
Health-ClosedIssues0006.csv,1,25,25,3,0.8179095447483936,0.4786248922716707,0.20862019724415623,0.6927298238072309,pass_1_outputs\Health-ClosedIssues0006\NSGA2.csv
Health-ClosedIssues0006.csv,1,2,2,3,0.691313027972744,0.08719849196663632,0.7948103033445536,0.46917894459666093,pass_1_outputs\Health-ClosedIssues0006\MOEAD.csv
Health-ClosedIssues0006.csv,1,5,5,3,0.8693202590938357,0.2698423849294992,0.6946609986154506,0.4887323778210505,pass_1_outputs\Health-ClosedIssues0006\NSGA3.csv
Health-ClosedIssues0006.csv,1,1,1,3,0.9726778844745829,,0.7954336044873059,0.23092563197353397,pass_1_outputs\Health-ClosedIssues0006\UNSGA3.csv
Health-ClosedIssues0006.csv,1,3,3,3,0.7733378058931166,0.5206584663111187,0.6048515588069446,0.6988837366114121,pass_1_outputs\Health-ClosedIssues0006\RNSGA3.csv
Health-ClosedIssues0006.csv,1,27,27,3,1.2337158095373297,0.40232215858488757,0.12080735167203205,0.37547098874821083,pass_1_outputs\Health-ClosedIssues0006\RVEA.csv
Health-ClosedIssues0006.csv,1,21,21,3,0.745868475823261,0.3007948898090999,0.4846575951403782,0.6731474040110226,pass_1_outputs\Health-ClosedIssues0006\AGEMOEA.csv
Health-ClosedIssues0006.csv,1,29,29,3,0.8337934172659959,0.4900631904475682,0.4380210138599246,0.6996238808487483,pass_1_outputs\Health-ClosedIssues0006\AGEMOEA2.csv
Health-ClosedIssues0006.csv,1,15,15,3,0.8427660779634052,0.5173905872839774,0.329363303842759,0.6714959719517345,pass_1_outputs\Health-ClosedIssues0006\CTAEA.csv
Health-ClosedIssues0007.csv,1,29,29,8,0.13829547204427856,0.2770691588970883,0.19791678921481876,1.3823365932192735,pass_1_outputs\Health-ClosedIssues0007\NSGA2.csv
Health-ClosedIssues0007.csv,1,17,17,8,0.0154339168615892,0.08772607617092786,0.6641596609939593,1.4317885351520798,pass_1_outputs\Health-ClosedIssues0007\MOEAD.csv
Health-ClosedIssues0007.csv,1,8,8,8,0.26200849261642845,0.759406519196558,0.16929824116537706,1.1613661833721314,pass_1_outputs\Health-ClosedIssues0007\NSGA3.csv
Health-ClosedIssues0007.csv,1,5,5,8,0.25188274438938235,0.8917104101468671,0.1898556766229334,1.1330874611932888,pass_1_outputs\Health-ClosedIssues0007\UNSGA3.csv
Health-ClosedIssues0007.csv,1,2,2,8,0.13113522415278428,1.0855390377334908,0.4586403345426935,1.1443938818205774,pass_1_outputs\Health-ClosedIssues0007\RNSGA3.csv
Health-ClosedIssues0007.csv,1,1,1,8,0.008132221560452665,,0.7871097628483672,1.4429974122580145,pass_1_outputs\Health-ClosedIssues0007\RVEA.csv
Health-ClosedIssues0007.csv,1,29,29,8,0.2977342923503835,0.38633718750073553,0.12799525397166345,1.2551818860376216,pass_1_outputs\Health-ClosedIssues0007\AGEMOEA.csv
Health-ClosedIssues0007.csv,1,9,9,8,0.05093775598058298,0.45607842862793124,0.2770808922408181,1.3436373973973637,pass_1_outputs\Health-ClosedIssues0007\AGEMOEA2.csv
Health-ClosedIssues0007.csv,1,15,15,8,0.18860041418594864,0.6511807237216388,0.103947311515342,1.2805076007451222,pass_1_outputs\Health-ClosedIssues0007\CTAEA.csv
Health-ClosedIssues0008.csv,1,7,7,7,0.3765647310366313,0.6045844030523297,0.3712977488321136,1.0203165981188085,pass_1_outputs\Health-ClosedIssues0008\NSGA2.csv
Health-ClosedIssues0008.csv,1,3,3,7,0.28150635717913786,0.6699882368902599,0.4298683850429842,1.0151197344665708,pass_1_outputs\Health-ClosedIssues0008\MOEAD.csv
Health-ClosedIssues0008.csv,1,4,4,7,0.5787077944875616,0.871983418827338,0.24899667892347482,0.9596338029767588,pass_1_outputs\Health-ClosedIssues0008\NSGA3.csv
Health-ClosedIssues0008.csv,1,3,3,7,0.5186016736401677,0.9097382319086488,0.28229764412391023,0.920809392637409,pass_1_outputs\Health-ClosedIssues0008\UNSGA3.csv
Health-ClosedIssues0008.csv,1,3,3,7,0.3082775512226896,0.7251876389136674,0.37885921480940954,1.0251347866019822,pass_1_outputs\Health-ClosedIssues0008\RNSGA3.csv
Health-ClosedIssues0008.csv,1,22,22,7,0.6308019650041418,0.46950802842612904,0.22260336980018922,0.8735622488196225,pass_1_outputs\Health-ClosedIssues0008\RVEA.csv
Health-ClosedIssues0008.csv,1,4,4,7,0.27500751391148437,0.6554345236600895,0.39812459564017894,1.1114308999641325,pass_1_outputs\Health-ClosedIssues0008\AGEMOEA.csv
Health-ClosedIssues0008.csv,1,5,5,7,0.28426228827429206,0.59659389874159,0.4038318490053948,1.048188093580187,pass_1_outputs\Health-ClosedIssues0008\AGEMOEA2.csv
Health-ClosedIssues0008.csv,1,9,9,7,0.31653162300729,0.30872487345009963,0.3211409750440774,0.9281085013277836,pass_1_outputs\Health-ClosedIssues0008\CTAEA.csv
Health-ClosedIssues0009.csv,1,3,3,3,0.1390785207502153,0.6214684450135035,0.7130763835476118,1.1784407249484792,pass_1_outputs\Health-ClosedIssues0009\NSGA2.csv
Health-ClosedIssues0009.csv,1,2,2,3,0.1388019323671499,0.895744540260671,0.9148319134256647,1.1091652990041123,pass_1_outputs\Health-ClosedIssues0009\MOEAD.csv
Health-ClosedIssues0009.csv,1,1,1,3,0.12100000000000014,,0.8320480894794203,1.0,pass_1_outputs\Health-ClosedIssues0009\NSGA3.csv
Health-ClosedIssues0009.csv,1,3,3,3,0.1575271617631238,0.5026240243046983,0.6118592079525049,1.1169431922399307,pass_1_outputs\Health-ClosedIssues0009\UNSGA3.csv
Health-ClosedIssues0009.csv,1,2,2,3,0.11936978900642947,0.6984612020562916,0.6492278640703358,1.121821032404229,pass_1_outputs\Health-ClosedIssues0009\RNSGA3.csv
Health-ClosedIssues0009.csv,1,17,17,3,1.073211698223374,0.8068992254425905,0.13408706583390798,0.8931308376345516,pass_1_outputs\Health-ClosedIssues0009\RVEA.csv
Health-ClosedIssues0009.csv,1,3,3,3,0.22823876845111232,0.8591395607476744,0.6536981721434373,1.1964774357582237,pass_1_outputs\Health-ClosedIssues0009\AGEMOEA.csv
Health-ClosedIssues0009.csv,1,3,3,3,0.22823876845111232,0.8591395607476744,0.6536981721434373,1.1964774357582237,pass_1_outputs\Health-ClosedIssues0009\AGEMOEA2.csv
Health-ClosedIssues0009.csv,1,4,4,3,0.5330405917017853,0.8139945557134625,0.5048935917409422,0.9543296660078828,pass_1_outputs\Health-ClosedIssues0009\CTAEA.csv
Health-ClosedIssues0010.csv,1,8,8,5,0.3906552137404252,0.5252300974000947,0.3445856889030244,0.9433711608255773,pass_1_outputs\Health-ClosedIssues0010\NSGA2.csv
Health-ClosedIssues0010.csv,1,2,2,5,0.17288274637980378,0.3266796841616759,0.5018703244537518,1.040132951603236,pass_1_outputs\Health-ClosedIssues0010\MOEAD.csv
Health-ClosedIssues0010.csv,1,7,7,5,0.3432675997529899,0.38623441317062507,0.40158164502606597,0.9371828485134976,pass_1_outputs\Health-ClosedIssues0010\NSGA3.csv
Health-ClosedIssues0010.csv,1,6,6,5,0.3831779502313271,0.46008536688732443,0.3663722189486992,0.9080668930694422,pass_1_outputs\Health-ClosedIssues0010\UNSGA3.csv
Health-ClosedIssues0010.csv,1,1,1,5,0.04876685261025568,,0.725259176979582,1.192103174896002,pass_1_outputs\Health-ClosedIssues0010\RNSGA3.csv
Health-ClosedIssues0010.csv,1,1,1,5,0.04424250424288147,,0.740820013478153,1.1753709369127585,pass_1_outputs\Health-ClosedIssues0010\RVEA.csv
Health-ClosedIssues0010.csv,1,8,8,5,0.29655586742081147,0.360807750820582,0.41165777923078706,1.0056470632698358,pass_1_outputs\Health-ClosedIssues0010\AGEMOEA.csv
Health-ClosedIssues0010.csv,1,8,8,5,0.3392333223300832,0.3245315101841414,0.4231096416704866,0.9632367183829312,pass_1_outputs\Health-ClosedIssues0010\AGEMOEA2.csv
Health-ClosedIssues0010.csv,1,8,8,5,0.31906542727245607,0.3510017077529254,0.38864264305527796,0.940846421461296,pass_1_outputs\Health-ClosedIssues0010\CTAEA.csv
Health-ClosedPRs0002.csv,1,29,29,3302,0.764586892919836,0.07557568975455628,0.0001516105549810344,0.9827799328464614,pass_1_outputs\Health-ClosedPRs0002\NSGA2.csv
Health-ClosedPRs0002.csv,1,25,25,3302,0.12100000000000014,0.0,0.004410776371794636,1.0,pass_1_outputs\Health-ClosedPRs0002\MOEAD.csv
Health-ClosedPRs0002.csv,1,2,2,3302,0.764586892919836,1.095847501441066,0.0001516105549810344,0.7503090262736898,pass_1_outputs\Health-ClosedPRs0002\NSGA3.csv
Health-ClosedPRs0002.csv,1,2,2,3302,0.764586892919836,1.095847501441066,0.0001516105549810344,0.7503090262736898,pass_1_outputs\Health-ClosedPRs0002\UNSGA3.csv
Health-ClosedPRs0002.csv,1,1,1,3302,0.12100000000000014,,0.004410776371794636,1.0,pass_1_outputs\Health-ClosedPRs0002\RNSGA3.csv
Health-ClosedPRs0002.csv,1,2,2,3302,0.375192281026118,1.429731456339599,0.0030601472092956898,1.260987271129018,pass_1_outputs\Health-ClosedPRs0002\RVEA.csv
Health-ClosedPRs0002.csv,1,33,33,3302,0.2068308952603865,0.07687271938522341,0.002645043533026264,1.0007228408566318,pass_1_outputs\Health-ClosedPRs0002\AGEMOEA.csv
Health-ClosedPRs0002.csv,1,33,33,3302,0.2068308952603865,0.07687271938522341,0.002645043533026264,1.0007228408566318,pass_1_outputs\Health-ClosedPRs0002\AGEMOEA2.csv
Health-ClosedPRs0002.csv,1,28,28,3302,0.764586892919836,0.07827482153150472,0.0001516105549810344,0.9821649304481207,pass_1_outputs\Health-ClosedPRs0002\CTAEA.csv
Health-ClosedPRs0003.csv,1,32,32,3285,0.3134217416050086,0.028205553407164546,0.0009616747358932374,0.9928407969159179,pass_1_outputs\Health-ClosedPRs0003\NSGA2.csv
Health-ClosedPRs0003.csv,1,25,25,3285,0.12100000000000014,0.0,0.0011966139887955212,1.0,pass_1_outputs\Health-ClosedPRs0003\MOEAD.csv
Health-ClosedPRs0003.csv,1,3,3,3285,0.28506089926010214,0.22633869367428963,0.0009872708603905207,0.9360099510023786,pass_1_outputs\Health-ClosedPRs0003\NSGA3.csv
Health-ClosedPRs0003.csv,1,3,3,3285,0.48080079681275,0.24196928904914214,0.0009029026999870237,0.8546118143782665,pass_1_outputs\Health-ClosedPRs0003\UNSGA3.csv
Health-ClosedPRs0003.csv,1,1,1,3285,0.12100000000000014,,0.0011966139887955212,1.0,pass_1_outputs\Health-ClosedPRs0003\RNSGA3.csv
Health-ClosedPRs0003.csv,1,7,7,3285,1.132109282422647,0.8861711136262016,0.0002211023096991428,0.8135984300882122,pass_1_outputs\Health-ClosedPRs0003\RVEA.csv
Health-ClosedPRs0003.csv,1,28,28,3285,0.12100000000000014,0.0,0.0011966139887955212,1.0,pass_1_outputs\Health-ClosedPRs0003\AGEMOEA.csv
Health-ClosedPRs0003.csv,1,28,28,3285,0.12100000000000014,0.0,0.0011966139887955212,1.0,pass_1_outputs\Health-ClosedPRs0003\AGEMOEA2.csv
Health-ClosedPRs0003.csv,1,51,51,3285,0.2584843483210018,0.005527559063412388,0.0010512810181883617,0.9976742187205557,pass_1_outputs\Health-ClosedPRs0003\CTAEA.csv
Health-ClosedPRs0004.csv,1,5,5,518,0.12100000000000014,0.0,0.012630466849821245,1.0,pass_1_outputs\Health-ClosedPRs0004\NSGA2.csv
Health-ClosedPRs0004.csv,1,7,7,518,0.12100000000000014,0.0,0.012630466849821245,1.0,pass_1_outputs\Health-ClosedPRs0004\MOEAD.csv
Health-ClosedPRs0004.csv,1,1,1,518,0.12100000000000014,,0.012630466849821245,1.0,pass_1_outputs\Health-ClosedPRs0004\NSGA3.csv
Health-ClosedPRs0004.csv,1,1,1,518,0.12100000000000014,,0.012630466849821245,1.0,pass_1_outputs\Health-ClosedPRs0004\UNSGA3.csv
Health-ClosedPRs0004.csv,1,1,1,518,0.12100000000000014,,0.012630466849821245,1.0,pass_1_outputs\Health-ClosedPRs0004\RNSGA3.csv
Health-ClosedPRs0004.csv,1,7,7,518,0.6557333399180258,0.6655917036324208,0.001523889131616143,1.3071888887215053,pass_1_outputs\Health-ClosedPRs0004\RVEA.csv
Health-ClosedPRs0004.csv,1,10,10,518,0.12100000000000014,0.0,0.012630466849821245,1.0,pass_1_outputs\Health-ClosedPRs0004\AGEMOEA.csv
Health-ClosedPRs0004.csv,1,10,10,518,0.12100000000000014,0.0,0.012630466849821245,1.0,pass_1_outputs\Health-ClosedPRs0004\AGEMOEA2.csv
Health-ClosedPRs0004.csv,1,12,12,518,0.19627452015541957,0.39116854090014136,0.0012780896089331177,1.0469927168520357,pass_1_outputs\Health-ClosedPRs0004\CTAEA.csv
Health-ClosedPRs0006.csv,1,12,12,254,0.12100000000000014,0.0,0.01837829906081121,1.0,pass_1_outputs\Health-ClosedPRs0006\NSGA2.csv
Health-ClosedPRs0006.csv,1,3,3,254,0.12100000000000014,0.0,0.01837829906081121,1.0,pass_1_outputs\Health-ClosedPRs0006\MOEAD.csv
Health-ClosedPRs0006.csv,1,1,1,254,0.12100000000000014,,0.01837829906081121,1.0,pass_1_outputs\Health-ClosedPRs0006\NSGA3.csv
Health-ClosedPRs0006.csv,1,1,1,254,0.12100000000000014,,0.01837829906081121,1.0,pass_1_outputs\Health-ClosedPRs0006\UNSGA3.csv
Health-ClosedPRs0006.csv,1,1,1,254,0.12100000000000014,,0.01837829906081121,1.0,pass_1_outputs\Health-ClosedPRs0006\RNSGA3.csv
Health-ClosedPRs0006.csv,1,9,9,254,1.2443920697457471,0.664087578570651,0.0004491114633790812,1.0486296368859023,pass_1_outputs\Health-ClosedPRs0006\RVEA.csv
Health-ClosedPRs0006.csv,1,7,7,254,0.12100000000000014,0.0,0.01837829906081121,1.0,pass_1_outputs\Health-ClosedPRs0006\AGEMOEA.csv
Health-ClosedPRs0006.csv,1,9,9,254,0.12100000000000014,0.0,0.01837829906081121,1.0,pass_1_outputs\Health-ClosedPRs0006\AGEMOEA2.csv
Health-ClosedPRs0006.csv,1,29,29,254,0.13100000000000014,0.11945177983233636,0.003415038335243474,1.0142832262887274,pass_1_outputs\Health-ClosedPRs0006\CTAEA.csv
Health-ClosedPRs0008.csv,1,27,27,904,0.3343120642739984,0.4368095666660154,0.001245352150950332,1.4379926794162363,pass_1_outputs\Health-ClosedPRs0008\NSGA2.csv
Health-ClosedPRs0008.csv,1,4,4,904,0.12100000000000014,0.0,0.6999078413311294,1.0,pass_1_outputs\Health-ClosedPRs0008\MOEAD.csv
Health-ClosedPRs0008.csv,1,5,5,904,0.3157948277420829,1.0026746435793044,0.005081245135068304,1.2143659123369153,pass_1_outputs\Health-ClosedPRs0008\NSGA3.csv
Health-ClosedPRs0008.csv,1,3,3,904,0.2704262119287791,1.2184879333314484,0.03559166606262587,1.1865072805330554,pass_1_outputs\Health-ClosedPRs0008\UNSGA3.csv
Health-ClosedPRs0008.csv,1,4,4,904,0.12877269309516104,0.8073831882083186,0.009457104390548367,1.4027306807208726,pass_1_outputs\Health-ClosedPRs0008\RNSGA3.csv
Health-ClosedPRs0008.csv,1,3,3,904,0.12661948900779785,0.9968191504808454,0.05935270492350513,1.3693471258659013,pass_1_outputs\Health-ClosedPRs0008\RVEA.csv
Health-ClosedPRs0008.csv,1,34,34,904,0.1287516519642538,0.31248396060517303,0.009665462348589783,1.5207460942356783,pass_1_outputs\Health-ClosedPRs0008\AGEMOEA.csv
Health-ClosedPRs0008.csv,1,36,36,904,0.12880707382953513,0.3532467624998504,0.009575882082816787,1.506537900897784,pass_1_outputs\Health-ClosedPRs0008\AGEMOEA2.csv
Health-ClosedPRs0008.csv,1,23,23,904,0.34495986174378007,0.7943582602836866,0.0009575838547982646,1.2711112942768255,pass_1_outputs\Health-ClosedPRs0008\CTAEA.csv
Health-ClosedPRs0009.csv,1,9,9,1,0.26626871534166147,0.5751909658944341,0.8922195005348105,1.1713813030908051,pass_1_outputs\Health-ClosedPRs0009\NSGA2.csv
Health-ClosedPRs0009.csv,1,1,1,1,0.0010000000000000026,,1.7320508075688772,1.7320508075688772,pass_1_outputs\Health-ClosedPRs0009\MOEAD.csv
Health-ClosedPRs0009.csv,1,4,4,1,0.07852500665070504,0.6034190052460744,1.0805047343470031,1.391870208194611,pass_1_outputs\Health-ClosedPRs0009\NSGA3.csv
Health-ClosedPRs0009.csv,1,5,5,1,0.07793006900212318,0.5652893036196406,1.0802728974865272,1.429319376565965,pass_1_outputs\Health-ClosedPRs0009\UNSGA3.csv
Health-ClosedPRs0009.csv,1,1,1,1,0.01100000000000002,,1.4142135623730951,1.4142135623730951,pass_1_outputs\Health-ClosedPRs0009\RNSGA3.csv
Health-ClosedPRs0009.csv,1,20,20,1,0.5780829237111689,0.5000390290206843,0.5147683802144405,1.0887084387308095,pass_1_outputs\Health-ClosedPRs0009\RVEA.csv
Health-ClosedPRs0009.csv,1,4,4,1,0.11856041673535324,0.573242552202742,1.1290569645787825,1.2733823878953143,pass_1_outputs\Health-ClosedPRs0009\AGEMOEA.csv
Health-ClosedPRs0009.csv,1,4,4,1,0.11856041673535324,0.573242552202742,1.1290569645787825,1.2733823878953143,pass_1_outputs\Health-ClosedPRs0009\AGEMOEA2.csv
Health-ClosedPRs0009.csv,1,3,3,1,0.13245573611447992,0.9317418901370086,1.0336647844149753,1.2105905213799415,pass_1_outputs\Health-ClosedPRs0009\CTAEA.csv
Health-ClosedPRs0010.csv,1,5,5,8,0.43843423078182664,0.7815867495239568,0.21331612207769113,0.9834832159473754,pass_1_outputs\Health-ClosedPRs0010\NSGA2.csv
Health-ClosedPRs0010.csv,1,5,5,8,0.06734422233918802,0.6869162659755479,0.7075234703530242,1.324141967710857,pass_1_outputs\Health-ClosedPRs0010\MOEAD.csv
Health-ClosedPRs0010.csv,1,6,6,8,0.4839415703181138,0.7539006354415465,0.11551630423651899,0.9569820239208253,pass_1_outputs\Health-ClosedPRs0010\NSGA3.csv
Health-ClosedPRs0010.csv,1,5,5,8,0.3215097383352529,0.7977687085044592,0.17764834343932742,1.120094083170112,pass_1_outputs\Health-ClosedPRs0010\UNSGA3.csv
Health-ClosedPRs0010.csv,1,3,3,8,0.3116332362726298,0.786996138635712,0.3630161754790353,1.0623844943315046,pass_1_outputs\Health-ClosedPRs0010\RNSGA3.csv
Health-ClosedPRs0010.csv,1,18,18,8,1.1223786373534517,0.5753809910381804,0.0,0.7866027579129198,pass_1_outputs\Health-ClosedPRs0010\RVEA.csv
Health-ClosedPRs0010.csv,1,5,5,8,0.2977413947603189,0.7446794809735563,0.1993709877257383,1.1083704265737022,pass_1_outputs\Health-ClosedPRs0010\AGEMOEA.csv
Health-ClosedPRs0010.csv,1,8,8,8,0.5912111585218675,0.6236315286776345,0.11718269987642987,0.8805780574674318,pass_1_outputs\Health-ClosedPRs0010\AGEMOEA2.csv
Health-ClosedPRs0010.csv,1,5,5,8,0.304591150674032,0.82066962172509,0.13981517015837916,1.133437495504652,pass_1_outputs\Health-ClosedPRs0010\CTAEA.csv
Health-Commits0000.csv,1,1,1,2,0.12100000000000014,,0.7071067811865476,1.0,pass_1_outputs\Health-Commits0000\NSGA2.csv
Health-Commits0000.csv,1,1,1,2,0.12100000000000014,,0.7071067811865476,1.0,pass_1_outputs\Health-Commits0000\MOEAD.csv
Health-Commits0000.csv,1,1,1,2,0.12100000000000014,,0.7071067811865476,1.0,pass_1_outputs\Health-Commits0000\NSGA3.csv
Health-Commits0000.csv,1,1,1,2,0.12100000000000014,,0.7071067811865476,1.0,pass_1_outputs\Health-Commits0000\UNSGA3.csv
Health-Commits0000.csv,1,1,1,2,0.12100000000000014,,0.7071067811865476,1.0,pass_1_outputs\Health-Commits0000\RNSGA3.csv
Health-Commits0000.csv,1,18,18,2,1.3058489769405657,0.41258314819550446,0.011196796635068756,0.4705347141621066,pass_1_outputs\Health-Commits0000\RVEA.csv
Health-Commits0000.csv,1,2,2,2,0.13690439397382628,0.8357482986404607,0.6064291922656215,1.09605885857321,pass_1_outputs\Health-Commits0000\AGEMOEA.csv
Health-Commits0000.csv,1,2,2,2,0.13690439397382628,0.8357482986404607,0.6064291922656215,1.09605885857321,pass_1_outputs\Health-Commits0000\AGEMOEA2.csv
Health-Commits0000.csv,1,2,2,2,0.23100000000000023,1.4142135623730951,0.0,1.0,pass_1_outputs\Health-Commits0000\CTAEA.csv
Health-Commits0001.csv,1,33,33,3,0.12100000000000014,0.0,0.8253414727897105,1.0,pass_1_outputs\Health-Commits0001\NSGA2.csv
Health-Commits0001.csv,1,23,23,3,0.12100000000000014,0.0,0.8253414727897105,1.0,pass_1_outputs\Health-Commits0001\MOEAD.csv
Health-Commits0001.csv,1,1,1,3,0.12100000000000014,,0.8253414727897105,1.0,pass_1_outputs\Health-Commits0001\NSGA3.csv
Health-Commits0001.csv,1,1,1,3,0.12100000000000014,,0.8253414727897105,1.0,pass_1_outputs\Health-Commits0001\UNSGA3.csv
Health-Commits0001.csv,1,1,1,3,0.12100000000000014,,0.8253414727897105,1.0,pass_1_outputs\Health-Commits0001\RNSGA3.csv
Health-Commits0001.csv,1,4,4,3,0.8085000000000002,0.8940863525961551,0.3666663797603376,1.2946540207701844,pass_1_outputs\Health-Commits0001\RVEA.csv
Health-Commits0001.csv,1,36,36,3,0.12100000000000014,0.0,0.8253414727897105,1.0,pass_1_outputs\Health-Commits0001\AGEMOEA.csv
Health-Commits0001.csv,1,36,36,3,0.12100000000000014,0.0,0.8253414727897105,1.0,pass_1_outputs\Health-Commits0001\AGEMOEA2.csv
Health-Commits0001.csv,1,3,3,3,0.17929578180870878,0.9536584793853109,0.29166923806751827,1.2277379513689086,pass_1_outputs\Health-Commits0001\CTAEA.csv
Health-Commits0002.csv,1,3,3,1,0.23505931122449006,0.9721797281071348,0.9028278912784562,1.1829879167261976,pass_1_outputs\Health-Commits0002\NSGA2.csv
Health-Commits0002.csv,1,25,25,1,0.12100000000000014,0.0,1.0,1.0,pass_1_outputs\Health-Commits0002\MOEAD.csv
Health-Commits0002.csv,1,1,1,1,1.3310000000000004,,0.0,0.0,pass_1_outputs\Health-Commits0002\NSGA3.csv
Health-Commits0002.csv,1,2,2,1,0.14896419437340166,1.0318080162476164,1.0,1.1237362993875362,pass_1_outputs\Health-Commits0002\UNSGA3.csv
Health-Commits0002.csv,1,2,2,1,0.12216648106904245,1.4190161312840461,1.0,1.333713165158719,pass_1_outputs\Health-Commits0002\RNSGA3.csv
Health-Commits0002.csv,1,3,3,1,0.12183936942045512,0.9471694527153192,1.0,1.4586347624996934,pass_1_outputs\Health-Commits0002\RVEA.csv
Health-Commits0002.csv,1,1,1,1,1.3310000000000004,,0.0,0.0,pass_1_outputs\Health-Commits0002\AGEMOEA.csv
Health-Commits0002.csv,1,30,30,1,0.12483955408828432,0.18464512248905524,1.0,1.0414335888576547,pass_1_outputs\Health-Commits0002\AGEMOEA2.csv
Health-Commits0002.csv,1,3,3,1,0.1838635204081635,0.9866554574387149,0.9770441799377279,1.2034237481374765,pass_1_outputs\Health-Commits0002\CTAEA.csv
Health-Commits0003.csv,1,6,6,8,0.41998230289795774,0.9107944734888129,0.14167089728530355,1.0406153227759922,pass_1_outputs\Health-Commits0003\NSGA2.csv
Health-Commits0003.csv,1,1,1,8,0.024658393787641796,,0.8213988092606258,1.310656042462631,pass_1_outputs\Health-Commits0003\MOEAD.csv
Health-Commits0003.csv,1,5,5,8,0.7165338756058014,0.5857293361150815,0.2776561777299883,0.7973144212505565,pass_1_outputs\Health-Commits0003\NSGA3.csv
Health-Commits0003.csv,1,6,6,8,0.4006219777220189,0.6030600774391321,0.24559687576893013,1.0254291473417714,pass_1_outputs\Health-Commits0003\UNSGA3.csv
Health-Commits0003.csv,1,1,1,8,0.12899486619563008,,0.7505295590713643,0.9968026782982873,pass_1_outputs\Health-Commits0003\RNSGA3.csv
Health-Commits0003.csv,1,24,24,8,0.7860540810686727,0.4848100192177392,0.23253437806715754,0.8627279806626359,pass_1_outputs\Health-Commits0003\RVEA.csv
Health-Commits0003.csv,1,1,1,8,0.2117484120901617,,0.708219119247826,0.9099823800956017,pass_1_outputs\Health-Commits0003\AGEMOEA.csv
Health-Commits0003.csv,1,1,1,8,0.2117484120901617,,0.708219119247826,0.9099823800956017,pass_1_outputs\Health-Commits0003\AGEMOEA2.csv
Health-Commits0003.csv,1,7,7,8,0.6149543224393103,0.7637637860579138,0.10758438472083015,0.9411551910850092,pass_1_outputs\Health-Commits0003\CTAEA.csv
Health-Commits0004.csv,1,1,1,1,0.0010000000000000026,,1.7320508075688772,1.7320508075688772,pass_1_outputs\Health-Commits0004\NSGA2.csv
Health-Commits0004.csv,1,1,1,1,1.3310000000000004,,0.0,0.0,pass_1_outputs\Health-Commits0004\MOEAD.csv
Health-Commits0004.csv,1,5,5,1,0.12416467444331264,0.4697778750519171,1.0772885207892993,1.2620313816575233,pass_1_outputs\Health-Commits0004\NSGA3.csv
Health-Commits0004.csv,1,5,5,1,0.11636039897399116,0.4506293364405451,1.141657891772384,1.227720382318581,pass_1_outputs\Health-Commits0004\UNSGA3.csv
Health-Commits0004.csv,1,3,3,1,0.04872605234642571,0.6175236139434841,1.2244099215574258,1.354685952578037,pass_1_outputs\Health-Commits0004\RNSGA3.csv
Health-Commits0004.csv,1,23,23,1,0.5595196235581952,0.5577172832966417,0.5377109580235172,0.9908173325317952,pass_1_outputs\Health-Commits0004\RVEA.csv
Health-Commits0004.csv,1,6,6,1,0.012054600842699959,0.26435130263830353,1.4659757887611353,1.5819724788614515,pass_1_outputs\Health-Commits0004\AGEMOEA.csv
Health-Commits0004.csv,1,6,6,1,0.012054600842699959,0.26435130263830353,1.4659757887611353,1.5819724788614515,pass_1_outputs\Health-Commits0004\AGEMOEA2.csv
Health-Commits0004.csv,1,5,5,1,0.0648057265860598,0.4283517935590675,1.1975646302778766,1.374588535458655,pass_1_outputs\Health-Commits0004\CTAEA.csv
Health-Commits0005.csv,1,2,2,6,0.6954005448766083,0.5535247881548973,0.8463532100207803,0.7364751418457676,pass_1_outputs\Health-Commits0005\NSGA2.csv
Health-Commits0005.csv,1,1,1,6,0.09840159421480824,,1.0157195925448013,1.0208847218022572,pass_1_outputs\Health-Commits0005\MOEAD.csv
Health-Commits0005.csv,1,2,2,6,0.6841257502103987,0.5544657715569454,0.8417256359513249,0.7395221529342457,pass_1_outputs\Health-Commits0005\NSGA3.csv
Health-Commits0005.csv,1,3,3,6,0.9439798525294633,0.7147043707924157,0.6251919026328535,0.6666188987311471,pass_1_outputs\Health-Commits0005\UNSGA3.csv
Health-Commits0005.csv,1,1,1,6,0.113090557975183,,1.0386383547738618,1.0025817611861567,pass_1_outputs\Health-Commits0005\RNSGA3.csv
Health-Commits0005.csv,1,19,19,6,1.2674684259429956,0.7875511649154445,0.04129698453351623,0.7530036060534314,pass_1_outputs\Health-Commits0005\RVEA.csv
Health-Commits0005.csv,1,2,2,6,0.101791355082587,0.0,1.0200814123753645,1.0151322854626874,pass_1_outputs\Health-Commits0005\AGEMOEA.csv
Health-Commits0005.csv,1,2,2,6,0.101791355082587,0.0,1.0200814123753645,1.0151322854626874,pass_1_outputs\Health-Commits0005\AGEMOEA2.csv
Health-Commits0005.csv,1,2,2,6,0.1245891452350256,0.881474074340674,0.8827425743844467,1.1552039402039513,pass_1_outputs\Health-Commits0005\CTAEA.csv
Health-Commits0006.csv,1,5,5,11,0.6797124360287609,0.5216703068729193,0.3303040288120313,0.7421261467008728,pass_1_outputs\Health-Commits0006\NSGA2.csv
Health-Commits0006.csv,1,1,1,11,0.33165758003238155,,0.7220281346190847,0.7366585377865307,pass_1_outputs\Health-Commits0006\MOEAD.csv
Health-Commits0006.csv,1,7,7,11,0.4795866859389169,0.2767172857501451,0.4004653220416188,0.8082979856505652,pass_1_outputs\Health-Commits0006\NSGA3.csv
Health-Commits0006.csv,1,4,4,11,0.6634449217684503,0.5643850890716221,0.32784073549860526,0.7213280101329573,pass_1_outputs\Health-Commits0006\UNSGA3.csv
Health-Commits0006.csv,1,3,3,11,0.43771595395228147,0.36920695772634016,0.6589021907027199,0.8183796347868163,pass_1_outputs\Health-Commits0006\RNSGA3.csv
Health-Commits0006.csv,1,19,19,11,1.0936944825126034,0.5018444479344463,0.23767475801993065,0.7614876402719982,pass_1_outputs\Health-Commits0006\RVEA.csv
Health-Commits0006.csv,1,2,2,11,0.49386352459527466,0.33747532609390196,0.5287929960608259,0.6861132741954667,pass_1_outputs\Health-Commits0006\AGEMOEA.csv
Health-Commits0006.csv,1,5,5,11,0.47325147814772694,0.19604069427994547,0.504508171437359,0.7502267935489908,pass_1_outputs\Health-Commits0006\AGEMOEA2.csv
Health-Commits0006.csv,1,21,21,11,0.550751901600262,0.35499162800751893,0.2064601820022527,0.8027950845095113,pass_1_outputs\Health-Commits0006\CTAEA.csv
Health-Commits0007.csv,1,6,6,16,0.8436819808887581,0.8741537971508448,0.10150459650807885,0.891203060045877,pass_1_outputs\Health-Commits0007\NSGA2.csv
Health-Commits0007.csv,1,2,2,16,0.8090544848516961,0.21765588123238347,0.7941979082357503,0.47891554537516257,pass_1_outputs\Health-Commits0007\MOEAD.csv
Health-Commits0007.csv,1,7,7,16,0.8576753364397722,0.6829966312378377,0.11187019611566594,0.7328463451000705,pass_1_outputs\Health-Commits0007\NSGA3.csv
Health-Commits0007.csv,1,6,6,16,0.8439578198753225,0.6832836606246704,0.1388086693636069,0.7730159511056618,pass_1_outputs\Health-Commits0007\UNSGA3.csv
Health-Commits0007.csv,1,4,4,16,0.7782769886212173,0.899171855477209,0.25824928276058,0.758641971822076,pass_1_outputs\Health-Commits0007\RNSGA3.csv
Health-Commits0007.csv,1,23,23,16,1.2012082958678865,0.750464528935612,0.04765330923208739,0.7995512711837094,pass_1_outputs\Health-Commits0007\RVEA.csv
Health-Commits0007.csv,1,4,4,16,0.7340442610855045,0.6539938469231198,0.19457938909529648,0.9647949345333072,pass_1_outputs\Health-Commits0007\AGEMOEA.csv
Health-Commits0007.csv,1,4,4,16,0.7574552348371897,0.9031072881489542,0.14105116007620216,0.8789095953534838,pass_1_outputs\Health-Commits0007\AGEMOEA2.csv
Health-Commits0007.csv,1,10,10,16,0.8573827812130254,0.56804596304837,0.1244842629829867,0.6546866185517974,pass_1_outputs\Health-Commits0007\CTAEA.csv
Health-Commits0008.csv,1,12,12,19,0.4236600479272174,0.5073537647486366,0.09672634691236233,0.9962970663015246,pass_1_outputs\Health-Commits0008\NSGA2.csv
Health-Commits0008.csv,1,2,2,19,0.1518021776855244,0.2510639838497511,0.3074182984907951,0.9957856630867099,pass_1_outputs\Health-Commits0008\MOEAD.csv
Health-Commits0008.csv,1,12,12,19,0.38191352928692035,0.3475376919858011,0.11206641850213277,1.0059675872962415,pass_1_outputs\Health-Commits0008\NSGA3.csv
Health-Commits0008.csv,1,9,9,19,0.40913366430316,0.5388309714503607,0.10322782416675347,0.9846164714297821,pass_1_outputs\Health-Commits0008\UNSGA3.csv
Health-Commits0008.csv,1,3,3,19,0.2577205376041586,0.5687269786627183,0.19765973920601723,0.9905250724737472,pass_1_outputs\Health-Commits0008\RNSGA3.csv
Health-Commits0008.csv,1,20,20,19,0.6390641286375445,0.513699967050221,0.06889388587499123,0.9410073236164387,pass_1_outputs\Health-Commits0008\RVEA.csv
Health-Commits0008.csv,1,11,11,19,0.3375916688422129,0.3352255486153489,0.22774344499931073,0.9921519172459153,pass_1_outputs\Health-Commits0008\AGEMOEA.csv
Health-Commits0008.csv,1,10,10,19,0.32775929869709075,0.3533107884998651,0.23931671119003642,1.0044290863816419,pass_1_outputs\Health-Commits0008\AGEMOEA2.csv
Health-Commits0008.csv,1,14,14,19,0.41309439403658477,0.4744821448915702,0.10353681913891123,0.9736054327196524,pass_1_outputs\Health-Commits0008\CTAEA.csv
Health-Commits0009.csv,1,3,3,8,0.19997417162897782,1.0260828608646249,0.3658701504198318,1.0659628946680137,pass_1_outputs\Health-Commits0009\NSGA2.csv
Health-Commits0009.csv,1,1,1,8,0.10929032258064529,,0.7998666528353191,1.0056500116291442,pass_1_outputs\Health-Commits0009\MOEAD.csv
Health-Commits0009.csv,1,3,3,8,0.19917460027521072,1.1431893128496553,0.3749443004988463,1.15162475487118,pass_1_outputs\Health-Commits0009\NSGA3.csv
Health-Commits0009.csv,1,4,4,8,0.16638286620835563,1.0233599230215569,0.348508219453143,1.1884688108792085,pass_1_outputs\Health-Commits0009\UNSGA3.csv
Health-Commits0009.csv,1,3,3,8,0.1799244689221089,0.976502165483209,0.38508165951237394,1.1510811513862662,pass_1_outputs\Health-Commits0009\RNSGA3.csv
Health-Commits0009.csv,1,31,31,8,1.1668688355019388,0.5127566094385126,0.05817881192874752,0.6128759222607979,pass_1_outputs\Health-Commits0009\RVEA.csv
Health-Commits0009.csv,1,5,5,8,0.19901158240550781,0.975100189364334,0.2031533262663197,1.1756919433192126,pass_1_outputs\Health-Commits0009\AGEMOEA.csv
Health-Commits0009.csv,1,5,5,8,0.19901158240550781,0.975100189364334,0.2031533262663197,1.1756919433192126,pass_1_outputs\Health-Commits0009\AGEMOEA2.csv
Health-Commits0009.csv,1,6,6,8,0.6510201107027653,0.8605381159693629,0.1268206829300333,0.9358998064651772,pass_1_outputs\Health-Commits0009\CTAEA.csv
Health-Commits0010.csv,1,5,5,8,0.4589457514972347,0.7598662681720842,0.3085416307970829,0.9620090472008688,pass_1_outputs\Health-Commits0010\NSGA2.csv
Health-Commits0010.csv,1,2,2,8,0.4704776495063905,0.46187125008884,0.652964626967886,0.8406438707177274,pass_1_outputs\Health-Commits0010\MOEAD.csv
Health-Commits0010.csv,1,7,7,8,0.3625714380623364,0.8453968900213129,0.22028322822527358,1.0880886146207205,pass_1_outputs\Health-Commits0010\NSGA3.csv
Health-Commits0010.csv,1,5,5,8,0.18059092379894465,0.809455099950901,0.37222171754569666,1.169815719664813,pass_1_outputs\Health-Commits0010\UNSGA3.csv
Health-Commits0010.csv,1,2,2,8,0.15799629211563965,1.2028357142650392,0.5128705548122381,1.0476095373181933,pass_1_outputs\Health-Commits0010\RNSGA3.csv
Health-Commits0010.csv,1,24,24,8,0.9265525481467387,0.6858786728660039,0.11520205190022126,0.9983998976252364,pass_1_outputs\Health-Commits0010\RVEA.csv
Health-Commits0010.csv,1,8,8,8,0.4395527075670589,0.7048429145559935,0.34622881658943816,0.9884626814105306,pass_1_outputs\Health-Commits0010\AGEMOEA.csv
Health-Commits0010.csv,1,7,7,8,0.40440708372091155,0.7078997185975991,0.327402927406643,0.9982026991151596,pass_1_outputs\Health-Commits0010\AGEMOEA2.csv
Health-Commits0010.csv,1,5,5,8,0.7274806099696706,0.7901845397008144,0.30645943452558816,0.8490687921085271,pass_1_outputs\Health-Commits0010\CTAEA.csv
Wine_quality.csv,1,3,3,4,0.43142857142857194,0.7864195111605469,0.35119047619047644,0.9189664771818841,pass_1_outputs\Wine_quality\NSGA2.csv
Wine_quality.csv,1,2,2,4,0.30523809523809553,0.3626558621839954,0.5079837515037331,0.9162773010698759,pass_1_outputs\Wine_quality\MOEAD.csv
Wine_quality.csv,1,3,3,4,0.3385714285714289,0.6670873273650302,0.37180412156818804,0.9622157185097372,pass_1_outputs\Wine_quality\NSGA3.csv
Wine_quality.csv,1,3,3,4,0.3385714285714289,0.6670873273650302,0.37180412156818804,0.9622157185097372,pass_1_outputs\Wine_quality\UNSGA3.csv
Wine_quality.csv,1,1,1,4,0.06000000000000006,,0.6187942114731885,1.118033988749895,pass_1_outputs\Wine_quality\RNSGA3.csv
Wine_quality.csv,1,10,10,4,0.7560317460317462,0.5413603056476227,0.2023809523809525,0.809359455426644,pass_1_outputs\Wine_quality\RVEA.csv
Wine_quality.csv,1,4,4,4,0.3385714285714289,0.5042437993596081,0.37180412156818804,0.9197965148000795,pass_1_outputs\Wine_quality\AGEMOEA.csv
Wine_quality.csv,1,4,4,4,0.3385714285714289,0.5042437993596081,0.37180412156818804,0.9197965148000795,pass_1_outputs\Wine_quality\AGEMOEA2.csv
Wine_quality.csv,1,3,3,4,0.3385714285714289,0.6670873273650302,0.37180412156818804,0.9622157185097372,pass_1_outputs\Wine_quality\CTAEA.csv
pom3a.csv,1,10,10,4,0.41163060165071474,0.8165782081242153,0.5393165660420111,1.1080263897418283,pass_1_outputs\pom3a\NSGA2.csv
pom3a.csv,1,2,2,4,0.34104301588668323,1.0366768867203036,0.7602861336495266,1.10287232278936,pass_1_outputs\pom3a\MOEAD.csv
pom3a.csv,1,6,6,4,0.768766936934737,0.8628249228214587,0.35374343034597355,0.8590059502394761,pass_1_outputs\pom3a\NSGA3.csv
pom3a.csv,1,9,9,4,0.847379273333008,0.7587801242263087,0.25987136167276126,0.8016964707869023,pass_1_outputs\pom3a\UNSGA3.csv
pom3a.csv,1,3,3,4,0.21962141783300296,1.2176448339358472,0.7068851598171474,1.0821488217785673,pass_1_outputs\pom3a\RNSGA3.csv
pom3a.csv,1,47,47,4,1.2575455046250728,0.542162605998486,0.09679475255171535,0.60548162208193,pass_1_outputs\pom3a\RVEA.csv
pom3a.csv,1,11,11,4,0.8651894139272998,0.7146743955446458,0.24254344244751955,0.8020734092391386,pass_1_outputs\pom3a\AGEMOEA.csv
pom3a.csv,1,22,22,4,1.1063432399188076,0.5549658678749325,0.2224635858992431,0.6259718504213492,pass_1_outputs\pom3a\AGEMOEA2.csv
pom3a.csv,1,8,8,4,0.9065790253872072,0.6997408890431384,0.26171171683659866,0.7380313248041708,pass_1_outputs\pom3a\CTAEA.csv
pom3b.csv,1,5,5,6,0.7702954747313088,0.6639466716834621,0.7171465639743128,0.8932058379351167,pass_1_outputs\pom3b\NSGA2.csv
pom3b.csv,1,1,1,6,0.12049322901000009,,1.0985346381260657,1.0000106122096535,pass_1_outputs\pom3b\MOEAD.csv
pom3b.csv,1,2,2,6,0.36763695323099493,0.5134868888901255,0.6553183194953017,0.8899000532462464,pass_1_outputs\pom3b\NSGA3.csv
pom3b.csv,1,7,7,6,1.128644594598286,0.5290419784288674,0.6014928320672609,0.48610121663877565,pass_1_outputs\pom3b\UNSGA3.csv
pom3b.csv,1,2,2,6,0.7463611760132379,1.0591513556040208,0.41263935324322065,0.748689771595562,pass_1_outputs\pom3b\RNSGA3.csv
pom3b.csv,1,50,50,6,1.2587949579415834,0.39567041316247537,0.3959659704227678,0.4090059055376791,pass_1_outputs\pom3b\RVEA.csv
pom3b.csv,1,12,12,6,1.223055434064882,0.5607246599747647,0.3592510390146127,0.5095444064391731,pass_1_outputs\pom3b\AGEMOEA.csv
pom3b.csv,1,5,5,6,0.7523931376920507,0.8454056306836855,0.7041836184314173,0.945592569583772,pass_1_outputs\pom3b\AGEMOEA2.csv
pom3b.csv,1,5,5,6,0.8577835206211025,0.7128696466609845,0.5849663521242,0.8196185897738089,pass_1_outputs\pom3b\CTAEA.csv
pom3c.csv,1,17,17,35,1.0746349007317975,0.6018313945890887,0.14689380987946393,0.7122519796748225,pass_1_outputs\pom3c\NSGA2.csv
pom3c.csv,1,4,4,35,0.6960768649918858,0.3296762744311648,0.4632361344230549,0.6544707667052115,pass_1_outputs\pom3c\MOEAD.csv
pom3c.csv,1,14,14,35,1.0618842793159955,0.5713158028450042,0.17311350739962447,0.7202374687178728,pass_1_outputs\pom3c\NSGA3.csv
pom3c.csv,1,14,14,35,1.046376969702445,0.5416273559322592,0.13102802567435287,0.6422417446805798,pass_1_outputs\pom3c\UNSGA3.csv
pom3c.csv,1,2,2,35,0.2774108448421584,1.3013240042369076,0.5205358434754914,0.966144633217862,pass_1_outputs\pom3c\RNSGA3.csv
pom3c.csv,1,48,48,35,1.0824822132637415,0.556854746167528,0.10694624702276126,0.7279952245188497,pass_1_outputs\pom3c\RVEA.csv
pom3c.csv,1,15,15,35,0.9869413286003157,0.6428536988044757,0.18424677956488678,0.7678443634566675,pass_1_outputs\pom3c\AGEMOEA.csv
pom3c.csv,1,14,14,35,1.069752887524575,0.5501356080502255,0.13034612469131418,0.6315036748978079,pass_1_outputs\pom3c\AGEMOEA2.csv
pom3c.csv,1,19,19,35,1.1029546320077654,0.6247509859620024,0.1508787472665653,0.6574516964032135,pass_1_outputs\pom3c\CTAEA.csv
xomo_flight.csv,1,2,2,2,0.034609573943929724,0.708405513337349,0.977043429012732,1.4250452036776733,pass_1_outputs\xomo_flight\NSGA2.csv
xomo_flight.csv,1,1,1,2,0.010794037533788483,,1.082524580398009,1.4958187658403437,pass_1_outputs\xomo_flight\MOEAD.csv
xomo_flight.csv,1,1,1,2,0.13310000000000013,,0.8660254037844386,1.0,pass_1_outputs\xomo_flight\NSGA3.csv
xomo_flight.csv,1,4,4,2,0.17475866355601935,0.9368784148061029,0.3769678424027232,1.259890590181519,pass_1_outputs\xomo_flight\UNSGA3.csv
xomo_flight.csv,1,1,1,2,0.006800129444631462,,1.233924915878931,1.5600614676141857,pass_1_outputs\xomo_flight\RNSGA3.csv
xomo_flight.csv,1,30,30,2,1.4463245692842175,0.4878624776497111,0.008873440225557465,0.41071789039527035,pass_1_outputs\xomo_flight\RVEA.csv
xomo_flight.csv,1,2,2,2,0.11190417144230856,1.3701110887537518,0.7108322660857598,1.4513239369030795,pass_1_outputs\xomo_flight\AGEMOEA.csv
xomo_flight.csv,1,2,2,2,0.016127280710437297,1.1629112464475864,0.9397289251812178,1.606374608745371,pass_1_outputs\xomo_flight\AGEMOEA2.csv
xomo_flight.csv,1,5,5,2,0.1750328943127782,0.7698089157715475,0.71836150222698,1.2245216966319064,pass_1_outputs\xomo_flight\CTAEA.csv
xomo_ground.csv,1,5,5,8,0.5338983332143196,0.8191497421607867,0.48278869250537904,0.9957300119679251,pass_1_outputs\xomo_ground\NSGA2.csv
xomo_ground.csv,1,1,1,8,0.3234995610494766,,0.7354265729671949,0.7834929653041247,pass_1_outputs\xomo_ground\MOEAD.csv
xomo_ground.csv,1,7,7,8,0.8383099658721064,0.9353742761604996,0.2795277681758653,0.9076189098390788,pass_1_outputs\xomo_ground\NSGA3.csv
xomo_ground.csv,1,10,10,8,0.818621352798291,0.6495278039363109,0.3192047792756006,0.7905449452658702,pass_1_outputs\xomo_ground\UNSGA3.csv
xomo_ground.csv,1,2,2,8,0.5161182088929239,1.173457691833405,0.5003436722400383,0.8619047281091189,pass_1_outputs\xomo_ground\RNSGA3.csv
xomo_ground.csv,1,61,61,8,1.4426136795469084,0.5699060698812678,0.023942274467048212,0.5567889246273617,pass_1_outputs\xomo_ground\RVEA.csv
xomo_ground.csv,1,3,3,8,0.49604937773105684,0.839258612378202,0.5744093454251715,0.9347888706126941,pass_1_outputs\xomo_ground\AGEMOEA.csv
xomo_ground.csv,1,5,5,8,0.4690965169616934,0.9676664717285618,0.43248274509478046,1.1372527103764143,pass_1_outputs\xomo_ground\AGEMOEA2.csv
xomo_ground.csv,1,6,6,8,0.8118889145369509,0.7432037905700969,0.3306919779642392,0.8246975203889771,pass_1_outputs\xomo_ground\CTAEA.csv
xomo_osp.csv,1,1,1,8,0.47609826510856457,,0.6593463817963299,0.6100156236201479,pass_1_outputs\xomo_osp\NSGA2.csv
xomo_osp.csv,1,3,3,8,0.045202188870600325,1.1098214232220716,0.8576646740699392,1.4075851596814266,pass_1_outputs\xomo_osp\MOEAD.csv
xomo_osp.csv,1,7,7,8,0.3667991488880772,0.5800850983124024,0.4674948334544835,1.0747901341235218,pass_1_outputs\xomo_osp\NSGA3.csv
xomo_osp.csv,1,6,6,8,0.7178268662013247,0.8051236926039504,0.2514581453173276,0.9123269232332482,pass_1_outputs\xomo_osp\UNSGA3.csv
xomo_osp.csv,1,2,2,8,0.23341218372636036,1.0077673015337318,0.619430108987222,1.107610843416065,pass_1_outputs\xomo_osp\RNSGA3.csv
xomo_osp.csv,1,52,52,8,1.4348498634815618,0.5940544586616643,0.019614300580493845,0.6007416737961768,pass_1_outputs\xomo_osp\RVEA.csv
xomo_osp.csv,1,5,5,8,0.06777959797731077,0.8118549635961759,0.7519740648754162,1.406286417927189,pass_1_outputs\xomo_osp\AGEMOEA.csv
xomo_osp.csv,1,3,3,8,0.13288971637629238,0.7367228659892149,0.6273922303088459,1.401737721472599,pass_1_outputs\xomo_osp\AGEMOEA2.csv
xomo_osp.csv,1,7,7,8,0.7021744683833354,0.8587755844371395,0.12415454336900417,0.9916564883860356,pass_1_outputs\xomo_osp\CTAEA.csv
xomo_osp2.csv,1,10,10,23,0.5021616944539549,0.7447335623125011,0.2562786402137806,1.0295726151529447,pass_1_outputs\xomo_osp2\NSGA2.csv
xomo_osp2.csv,1,3,3,23,0.5102772599395455,0.6307008508730193,0.646076959402292,0.9388663251380637,pass_1_outputs\xomo_osp2\MOEAD.csv
xomo_osp2.csv,1,10,10,23,0.7400195540452875,0.7489122834201325,0.14685326004318622,0.9692573066216259,pass_1_outputs\xomo_osp2\NSGA3.csv
xomo_osp2.csv,1,14,14,23,0.8311967448525117,0.7245463806559893,0.14266859145145205,0.8511146799973087,pass_1_outputs\xomo_osp2\UNSGA3.csv
xomo_osp2.csv,1,2,2,23,0.5384366754561238,0.8885387032803004,0.383127484268406,0.8142978314867609,pass_1_outputs\xomo_osp2\RNSGA3.csv
xomo_osp2.csv,1,80,80,23,1.2586412512014395,0.6353074058536088,0.04086790785997612,0.7838628930075753,pass_1_outputs\xomo_osp2\RVEA.csv
xomo_osp2.csv,1,10,10,23,0.37778334852272333,0.7034427027492162,0.2899245208358458,1.2233671017568002,pass_1_outputs\xomo_osp2\AGEMOEA.csv
xomo_osp2.csv,1,5,5,23,0.5296509338008488,0.7494380649156758,0.25088332489220044,0.9576518831957224,pass_1_outputs\xomo_osp2\AGEMOEA2.csv
xomo_osp2.csv,1,15,15,23,0.8638903839754668,0.6555915994610692,0.17950860113627226,0.9520497084707883,pass_1_outputs\xomo_osp2\CTAEA.csv
accessories.csv,1,24,24,666,0.22400745184101492,0.3414368805574153,0.004957994402467045,1.1405733388017365,pass_1_outputs\accessories\NSGA2.csv
accessories.csv,1,10,10,666,0.2311857909532329,0.31637991920028324,0.013440479479401812,1.0009076492904887,pass_1_outputs\accessories\MOEAD.csv
accessories.csv,1,7,7,666,0.2350896287340267,0.6463050741598169,0.05613434950648997,1.0823427147920075,pass_1_outputs\accessories\NSGA3.csv
accessories.csv,1,6,6,666,0.22045870825629332,0.6426085421031386,0.05791090266407087,1.0992862100993612,pass_1_outputs\accessories\UNSGA3.csv
accessories.csv,1,2,2,666,0.20322809668936204,1.3048993226530476,0.45682243561256114,1.0008103995717956,pass_1_outputs\accessories\RNSGA3.csv
accessories.csv,1,6,6,666,0.986687111189725,0.6311648519433247,0.03133157002173071,0.8637457376923985,pass_1_outputs\accessories\RVEA.csv
accessories.csv,1,25,25,666,0.2238886925585536,0.31873204840158165,0.00559099708167514,1.1285642548549304,pass_1_outputs\accessories\AGEMOEA.csv
accessories.csv,1,22,22,666,0.22366855923766227,0.36327531068583185,0.006495229726328228,1.1109487496015846,pass_1_outputs\accessories\AGEMOEA2.csv
accessories.csv,1,9,9,666,0.22272760695211186,0.5162828586462864,0.014858940283847613,1.1531602134687131,pass_1_outputs\accessories\CTAEA.csv
