CLIENTNUM,attrition_Flag,Customer_Age,gender,Dependent_count,education_Level,marital_Status,income_Category,card_Category,Months_on_book,Total_Relationship_Count,Months_Inactive_12_mon,Contacts_Count_12_mon,Credit_Limit+,Total_Revolving_Bal+,Avg_Open_To_Buy+,Total_Amt_Chng_Q4_Q1,Total_Trans_Amt,Total_Trans_Ct,Total_Ct_Chng_Q4_Q1+,Avg_Utilization_Ratio,Naive_Bayes_Classifier_Attrition_Flag_Card_Category_Contacts_Count_12_mon_Dependent_count_Education_Level_Months_Inactive_12_mon_1,Naive_Bayes_Classifier_Attrition_Flag_Card_Category_Contacts_Count_12_mon_Dependent_count_Education_Level_Months_Inactive_12_mon_2,_source_row
710047533,Attrited Customer,51,M,3,Graduate,Single,$80K - $120K,Gold,36,4,3,3,34516.0,2201,32315.0,0.978,8614,63,0.75,0.064,0.99724,0.00275658,9948
714959358,Attrited Customer,50,M,3,High School,Married,$80K - $120K,Silver,36,5,3,3,34516.0,2292,32224.0,0.876,8045,71,0.868,0.066,0.99639,0.00361254,9221
719658858,Existing Customer,50,F,4,Doctorate,Married,Unknown,Silver,36,3,2,1,34516.0,2096,32420.0,0.666,7042,73,0.553,0.061,9.41e-05,0.99991,8663
816776283,Existing Customer,42,M,4,High School,Unknown,$80K - $120K,Gold,37,5,1,2,34516.0,1797,32719.0,1.314,1534,30,0.875,0.052,6.47e-05,0.99994,1116
710362233,Existing Customer,48,M,3,Unknown,Unknown,$80K - $120K,Platinum,40,1,2,3,34516.0,1723,32793.0,0.628,13853,98,0.782,0.05,0.00037927,0.99962,9462
754443033,Attrited Customer,50,M,1,Graduate,Single,$80K - $120K,Silver,43,6,3,3,34516.0,432,34084.0,0.807,9045,72,1.0,0.013,0.99612,0.0038814,9474
827332983,Existing Customer,46,M,3,High School,Single,$80K - $120K,Gold,42,3,2,2,34516.0,2113,32403.0,0.618,1362,31,1.214,0.061,0.00013228,0.99987,523
788386908,Existing Customer,48,M,3,Graduate,Unknown,$80K - $120K,Platinum,41,3,2,2,34516.0,1531,32985.0,0.862,1156,29,1.071,0.044,0.00020517,0.99979,443
798983508,Existing Customer,43,M,1,Graduate,Single,$80K - $120K,Silver,37,4,3,2,34516.0,1440,33076.0,1.117,1575,34,2.4,0.042,0.00015255,0.99985,280
714199983,Existing Customer,48,M,3,Uneducated,Single,$60K - $80K,Gold,40,5,2,5,34516.0,2317,32199.0,0.699,3927,68,0.7,0.067,0.00069441,0.99931,2681
715378383,Existing Customer,43,F,4,Graduate,Single,Unknown,Silver,36,4,3,4,34516.0,1893,32623.0,0.748,3639,76,1.0,0.055,0.00048899,0.99951,3326
715749108,Existing Customer,48,M,3,Graduate,Married,$60K - $80K,Gold,37,5,1,2,34516.0,2429,32087.0,0.742,3205,57,0.727,0.07,6.58e-05,0.99993,2541
788943333,Attrited Customer,51,M,3,Post-Graduate,Married,$80K - $120K,Silver,37,6,2,2,34516.0,989,33527.0,1.021,4810,55,0.341,0.029,0.9921,0.0079,8859
806170158,Existing Customer,39,M,4,Graduate,Single,$60K - $80K,Gold,34,3,3,2,34516.0,542,33974.0,0.866,3899,78,0.857,0.016,0.00021733,0.99978,2319
770842833,Attrited Customer,49,F,3,High School,Married,Unknown,Silver,36,2,3,3,34516.0,1273,33243.0,0.977,4777,51,0.457,0.037,0.99639,0.00361254,8665
815539233,Attrited Customer,54,M,4,High School,Single,$80K - $120K,Silver,49,1,3,4,34516.0,214,34302.0,0.0,1201,22,0.0,0.006,0.9979,0.00209822,7207
709407933,Existing Customer,51,M,3,High School,Single,$80K - $120K,Silver,38,5,3,4,34516.0,1802,32714.0,0.912,4544,80,0.569,0.052,0.00047034,0.99953,5494
715627833,Existing Customer,48,M,3,High School,Married,$60K - $80K,Gold,37,6,2,0,34516.0,1948,32568.0,0.666,4539,75,0.705,0.056,4.88e-05,0.99995,4494
710812533,Attrited Customer,46,F,3,High School,Single,Unknown,Silver,36,4,2,3,34516.0,154,34362.0,0.602,1987,46,0.586,0.004,0.9943,0.0057,4487
713105508,Existing Customer,46,M,3,High School,Single,$60K - $80K,Silver,29,4,3,3,34516.0,2040,32476.0,0.764,3754,53,1.038,0.059,0.00027574,0.99972,5797
720214833,Existing Customer,52,M,2,High School,Single,$80K - $120K,Silver,40,3,3,3,34516.0,2177,32339.0,1.32,1234,23,1.875,0.063,0.00026573,0.99973,323
789059958,Existing Customer,42,M,4,High School,Married,$120K +,Gold,30,6,2,4,34516.0,1045,33471.0,0.848,3574,75,0.923,0.03,0.00038357,0.99962,4538
806641683,Existing Customer,44,M,3,Uneducated,Married,$80K - $120K,Silver,39,5,2,2,34516.0,1461,33055.0,0.646,3416,70,0.707,0.042,0.00010973,0.99989,3556
811700058,Attrited Customer,41,M,2,Graduate,Single,$60K - $80K,Gold,36,2,3,3,34516.0,687,33829.0,1.015,4822,57,0.295,0.02,0.99714,0.00286013,8767
816378033,Attrited Customer,46,M,4,Uneducated,Single,$80K - $120K,Gold,41,6,3,2,34516.0,1104,33412.0,0.591,1989,47,0.741,0.032,0.99555,0.00445417,6125
805516608,Existing Customer,50,M,1,Graduate,Married,$80K - $120K,Silver,45,2,1,3,34516.0,925,33591.0,0.771,7755,84,0.68,0.027,7.86e-05,0.99992,8966
718851783,Existing Customer,49,M,1,High School,Married,$80K - $120K,Silver,37,4,3,2,34516.0,2386,32130.0,0.698,3924,65,0.512,0.069,0.0001483,0.99985,4082
711832533,Existing Customer,42,M,3,High School,Single,$80K - $120K,Silver,32,3,3,3,34516.0,1396,33120.0,0.688,3748,62,0.938,0.04,0.00027574,0.99972,5487
709969758,Existing Customer,43,M,3,Graduate,Single,$60K - $80K,Platinum,35,4,3,3,34516.0,1774,32742.0,0.667,13966,115,0.667,0.051,0.00054523,0.99945,9828
825767658,Existing Customer,49,M,2,Graduate,Single,$60K - $80K,Gold,45,2,3,1,34516.0,913,33603.0,0.698,7711,80,0.86,0.026,0.00012498,0.99988,8919
709912683,Existing Customer,53,F,4,Graduate,Single,Unknown,Gold,41,5,1,2,34516.0,2374,32142.0,0.81,4390,77,0.604,0.069,6.65e-05,0.99993,3989
812618883,Existing Customer,47,M,2,High School,Divorced,Unknown,Silver,42,1,2,2,34516.0,2019,32497.0,0.706,7774,95,0.583,0.058,0.0001,0.9999,8721
779749908,Existing Customer,48,M,4,College,Married,$60K - $80K,Gold,33,2,2,3,34516.0,2061,32455.0,0.722,1350,32,0.455,0.06,0.00022488,0.99978,303
710628783,Existing Customer,38,M,4,High School,Single,$80K - $120K,Gold,36,6,1,3,34516.0,1140,33376.0,0.815,1445,45,0.957,0.033,0.00010881,0.99989,1135
770560683,Existing Customer,51,M,1,Graduate,Married,$120K +,Gold,37,2,3,1,34516.0,2417,32099.0,0.947,13021,117,0.625,0.07,0.00011731,0.99988,9397
714190983,Attrited Customer,51,F,2,Graduate,Single,Unknown,Platinum,32,2,3,3,34516.0,531,33985.0,0.98,5418,65,0.711,0.015,0.9981,0.00189855,9102
712845258,Existing Customer,41,M,2,Uneducated,Married,$80K - $120K,Gold,33,5,3,2,34516.0,1642,32874.0,0.891,4161,71,0.868,0.048,0.00021307,0.99979,5515
712608783,Existing Customer,50,M,2,High School,Married,$80K - $120K,Silver,45,3,1,3,34516.0,1260,33256.0,0.588,1504,34,0.789,0.037,8.14e-05,0.99992,173
716850558,Existing Customer,48,M,4,Graduate,Unknown,$60K - $80K,Gold,32,5,1,3,34516.0,1285,33231.0,0.654,15279,122,0.649,0.037,0.00011193,0.99989,10038
810347208,Existing Customer,51,M,4,Unknown,Married,$120K +,Gold,46,6,1,3,34516.0,2264,32252.0,1.975,1330,31,0.722,0.066,0.00012303,0.99988,6
710244108,Existing Customer,44,M,3,College,Married,$60K - $80K,Gold,34,3,1,3,34516.0,1543,32973.0,0.774,13967,101,0.712,0.045,0.00010767,0.99989,9690
715252383,Existing Customer,58,F,2,High School,Divorced,Unknown,Gold,36,5,4,3,34516.0,1864,32652.0,0.664,3595,52,0.733,0.054,0.00040944,0.99959,7094
708710283,Existing Customer,45,M,5,Doctorate,Married,$120K +,Silver,36,6,1,4,34516.0,2038,32478.0,1.007,4067,75,1.206,0.059,0.00021333,0.99979,5051
758753283,Attrited Customer,52,M,3,Doctorate,Married,$120K +,Blue,45,1,3,3,34516.0,550,33966.0,0.674,7341,71,0.732,0.016,0.9978,0.00219584,9846
720009558,Existing Customer,33,F,2,College,Single,Unknown,Gold,36,3,1,3,34516.0,1540,32976.0,1.038,2574,72,0.756,0.045,0.00010376,0.9999,1451
712361583,Existing Customer,47,M,5,Graduate,Married,$80K - $120K,Silver,36,3,3,1,34516.0,760,33756.0,0.407,3756,67,0.558,0.022,0.00010119,0.9999,5701
720132258,Existing Customer,49,M,3,Post-Graduate,Single,$120K +,Silver,36,6,1,5,34516.0,1323,33193.0,0.934,3422,78,0.529,0.038,0.00030168,0.9997,2879
718337733,Existing Customer,50,F,2,Graduate,Married,Unknown,Gold,40,2,1,1,34516.0,1826,32690.0,0.718,14994,121,0.833,0.053,3.83e-05,0.99996,9589
779885358,Existing Customer,51,M,0,College,Married,$120K +,Silver,35,5,1,2,34516.0,2332,32184.0,0.8,4587,82,0.745,0.068,4.15e-05,0.99996,6641
717757608,Existing Customer,53,M,2,College,Single,$120K +,Gold,36,2,1,1,34516.0,1051,33465.0,0.863,8938,114,0.676,0.03,3.72e-05,0.99996,9107
820657083,Existing Customer,53,M,4,College,Single,$80K - $120K,Silver,48,5,1,2,34516.0,800,33716.0,0.804,3819,72,0.6,0.023,5.07e-05,0.99995,6408
779685558,Existing Customer,53,M,5,Graduate,Single,$120K +,Gold,36,2,4,1,34516.0,2088,32428.0,0.822,15290,123,0.732,0.06,0.00015593,0.99984,9644
710395233,Existing Customer,42,F,2,Graduate,Single,Unknown,Silver,36,2,2,3,34516.0,1066,33450.0,0.846,8657,98,0.75,0.031,0.00017297,0.99983,8949
712661433,Existing Customer,49,M,4,Uneducated,Single,$80K - $120K,Blue,30,3,2,3,34516.0,0,34516.0,1.621,1444,28,1.333,0.0,0.00020643,0.99979,45
712152408,Existing Customer,44,M,4,High School,Single,$60K - $80K,Gold,29,1,2,1,34516.0,1930,32586.0,0.615,12478,97,0.764,0.056,8.06e-05,0.99992,9165
779353083,Existing Customer,47,M,2,Graduate,Married,$60K - $80K,Silver,32,4,2,2,34516.0,1468,33048.0,0.505,1330,32,0.684,0.043,0.00010284,0.9999,204
718304583,Attrited Customer,43,M,2,Unknown,Married,$60K - $80K,Gold,33,1,3,2,34516.0,1085,33431.0,1.047,4805,54,0.588,0.031,0.99563,0.00437002,8825
711686658,Existing Customer,48,M,5,High School,Married,$80K - $120K,Silver,40,6,2,2,34516.0,1417,33099.0,0.692,16579,109,0.879,0.041,0.00010322,0.9999,10014
708894183,Existing Customer,53,M,3,College,Single,$120K +,Silver,44,4,4,2,34516.0,1073,33443.0,0.558,4485,86,0.755,0.031,0.00019815,0.9998,7263
713133258,Existing Customer,38,M,3,Unknown,Single,$80K - $120K,Silver,36,2,2,3,34516.0,2008,32508.0,0.858,8872,86,0.593,0.058,0.00019729,0.9998,8973
716933283,Existing Customer,52,M,2,High School,Single,$60K - $80K,Gold,39,4,1,1,34516.0,1882,32634.0,0.743,14738,116,0.758,0.055,3.72e-05,0.99996,9847
720562008,Existing Customer,34,M,2,Graduate,Single,$80K - $120K,Silver,22,4,3,3,34516.0,1263,33253.0,0.603,2759,65,0.806,0.037,0.00027334,0.99973,2944
711813258,Existing Customer,56,M,2,College,Single,$60K - $80K,Gold,43,2,1,2,34516.0,2022,32494.0,0.761,13633,116,0.785,0.059,6.17e-05,0.99994,9350
818476383,Existing Customer,50,M,1,Unknown,Unknown,$120K +,Silver,45,2,2,0,34516.0,1514,33002.0,0.736,7333,72,1.0,0.044,3.91e-05,0.99996,8768
787231233,Existing Customer,34,M,5,Post-Graduate,Single,$80K - $120K,Silver,28,3,3,2,34516.0,1731,32785.0,0.605,2421,63,0.575,0.05,0.00019743,0.9998,2516
714465558,Existing Customer,41,M,4,Unknown,Married,$120K +,Silver,36,3,1,4,34516.0,2205,32311.0,0.897,15033,98,0.922,0.064,0.00016461,0.99984,9965
788766933,Existing Customer,46,M,2,Post-Graduate,Married,$80K - $120K,Blue,26,1,3,1,34516.0,714,33802.0,0.883,14279,97,0.764,0.021,0.00012764,0.99987,9398
713072358,Existing Customer,42,M,2,Graduate,Married,$80K - $120K,Silver,31,2,1,3,34516.0,1356,33160.0,0.71,12878,104,0.825,0.039,8.37e-05,0.99992,9581
710106933,Existing Customer,32,M,2,Uneducated,Single,$80K - $120K,Silver,20,2,3,3,34516.0,2136,32380.0,0.849,14667,119,0.75,0.062,0.00028105,0.99972,9553
789830058,Existing Customer,44,M,4,Unknown,Single,$80K - $120K,Blue,34,4,1,2,21573.0,1585,19988.0,0.621,1384,36,2.273,0.073,6.35e-05,0.99994,239
792524358,Existing Customer,55,M,3,High School,Single,$80K - $120K,Gold,49,2,1,3,34516.0,810,33706.0,0.787,7917,95,0.667,0.023,0.00010766,0.99989,8733
771359958,Existing Customer,39,M,4,Unknown,Single,$120K +,Silver,26,6,2,2,34516.0,2517,31999.0,0.887,1689,42,1.1,0.073,0.00011856,0.99988,1022
758331483,Existing Customer,31,M,0,Graduate,Single,$60K - $80K,Silver,24,2,2,2,34516.0,984,33532.0,0.913,15347,109,0.787,0.029,8.83e-05,0.99991,9699
824150733,Existing Customer,43,M,2,High School,Married,$80K - $120K,Silver,39,3,1,3,34516.0,1987,32529.0,0.673,16177,122,0.848,0.058,8.14e-05,0.99992,10086
789334458,Existing Customer,43,F,3,Graduate,Unknown,Unknown,Silver,33,3,1,3,34516.0,1858,32658.0,0.622,4197,67,0.523,0.054,8.69e-05,0.99991,3317
714999483,Existing Customer,38,M,4,Uneducated,Unknown,$80K - $120K,Silver,36,2,1,2,34516.0,1132,33384.0,0.84,9389,106,0.797,0.033,5.37e-05,0.99995,8993
715130808,Existing Customer,45,M,3,Graduate,Single,$60K - $80K,Silver,34,5,1,1,34516.0,1664,32852.0,0.73,4912,80,0.739,0.048,3.11e-05,0.99997,7032
719354433,Existing Customer,48,M,1,College,Single,$80K - $120K,Silver,36,6,3,3,34516.0,1629,32887.0,0.815,4042,78,0.592,0.047,0.00024945,0.99975,6100
788440083,Existing Customer,55,M,2,Uneducated,Single,$60K - $80K,Silver,48,5,3,3,34516.0,1384,33132.0,0.625,3807,82,0.864,0.04,0.00028105,0.99972,6371
712768983,Attrited Customer,51,M,4,Graduate,Single,$80K - $120K,Silver,42,6,4,2,34516.0,230,34286.0,1.004,8629,65,0.548,0.007,0.99517,0.00483011,9231
773364483,Existing Customer,45,F,4,Doctorate,Unknown,Unknown,Silver,39,4,1,2,34516.0,1298,33218.0,0.757,1906,39,0.773,0.038,7.55e-05,0.99992,2408
719768658,Existing Customer,31,F,0,College,Married,Unknown,Silver,24,2,3,1,34516.0,2032,32484.0,0.82,14544,104,0.705,0.059,8.18e-05,0.99992,9764
719070108,Existing Customer,44,M,2,Graduate,Married,$80K - $120K,Silver,35,4,1,3,34516.0,1726,32790.0,0.867,1729,52,0.677,0.05,8.37e-05,0.99992,892
713264583,Existing Customer,43,M,2,High School,Married,$120K +,Silver,23,3,3,2,34516.0,1153,33363.0,0.89,4486,71,0.69,0.033,0.000158,0.99984,4819
711355908,Existing Customer,44,F,3,Graduate,Unknown,Unknown,Silver,36,2,3,3,34516.0,941,33575.0,0.659,12042,117,0.857,0.027,0.00028364,0.99972,9765
787467858,Existing Customer,43,M,1,High School,Married,$80K - $120K,Silver,30,1,1,3,34516.0,2045,32471.0,0.59,4081,54,0.421,0.059,7.64e-05,0.99992,8248
773146383,Existing Customer,50,F,1,College,Single,$40K - $60K,Silver,43,3,2,3,17304.0,2517,14787.0,1.449,1756,33,1.2,0.145,0.00015785,0.99984,42
794475483,Existing Customer,44,M,4,Uneducated,Married,$80K - $120K,Silver,27,4,3,2,34516.0,1043,33473.0,0.69,4654,59,0.639,0.03,0.00017526,0.99982,6431
710884683,Existing Customer,48,M,4,Graduate,Married,$80K - $120K,Silver,40,6,2,5,34516.0,807,33709.0,0.967,3937,80,1.051,0.023,0.0005354,0.99946,2724
789289383,Existing Customer,42,M,3,Graduate,Single,$80K - $120K,Silver,31,2,2,3,34516.0,2120,32396.0,0.9,14626,97,0.644,0.061,0.00017949,0.99982,9456
714835833,Existing Customer,43,M,4,High School,Divorced,$80K - $120K,Blue,36,3,3,2,34516.0,1048,33468.0,0.864,4192,73,0.738,0.03,0.00018339,0.99982,4620
721243083,Attrited Customer,55,M,3,Uneducated,Divorced,$80K - $120K,Blue,41,1,3,4,34516.0,2408,32108.0,0.796,1187,40,0.6,0.07,0.99819,0.00181217,2416
789681708,Existing Customer,46,M,3,Uneducated,Married,$60K - $80K,Gold,33,3,1,3,34516.0,713,33803.0,0.772,7750,82,0.608,0.021,0.00011387,0.99989,8677
709530408,Existing Customer,45,M,4,Doctorate,Single,$120K +,Gold,36,1,3,1,34516.0,1411,33105.0,0.701,8007,96,0.778,0.041,0.00018967,0.99981,9044
789535233,Existing Customer,52,M,1,Graduate,Single,$80K - $120K,Silver,44,2,1,2,34516.0,1618,32898.0,1.0,11603,109,0.847,0.047,4.67e-05,0.99995,9161
794494308,Existing Customer,42,M,3,Uneducated,Married,$120K +,Platinum,23,3,4,3,34516.0,2070,32446.0,0.88,13781,102,0.545,0.06,0.00067743,0.99932,9618
803415183,Existing Customer,44,M,3,Unknown,Single,$80K - $120K,Silver,38,3,3,1,34516.0,657,33859.0,0.641,4614,76,0.689,0.019,0.0001118,0.99989,3017
708195633,Existing Customer,40,M,2,High School,Unknown,$80K - $120K,Silver,32,5,2,3,34516.0,1182,33334.0,0.613,2440,54,0.543,0.034,0.00016815,0.99983,3621
716071233,Existing Customer,42,M,0,High School,Unknown,$80K - $120K,Silver,35,5,2,3,34516.0,1934,32582.0,0.626,4613,73,0.553,0.056,0.0001443,0.99986,3860
819700533,Existing Customer,50,M,0,High School,Single,$120K +,Silver,45,5,2,3,14938.0,2303,12635.0,0.804,949,27,2.0,0.154,0.0001443,0.99986,300
713843283,Existing Customer,41,F,3,Unknown,Married,Unknown,Silver,34,5,3,3,34516.0,2053,32463.0,1.034,1487,26,0.733,0.059,0.00031177,0.99969,101
788890533,Existing Customer,54,M,2,College,Married,$80K - $120K,Silver,39,4,1,4,34516.0,2305,32211.0,0.586,13756,106,0.71,0.067,0.00013883,0.99986,9961
719960133,Existing Customer,42,M,3,College,Single,$80K - $120K,Silver,26,3,2,2,34516.0,904,33612.0,0.726,3910,68,0.659,0.026,0.00010375,0.9999,4632
713745783,Existing Customer,29,F,0,Post-Graduate,Single,Unknown,Gold,36,4,1,4,34516.0,1452,33064.0,0.887,2336,49,1.13,0.042,0.00018385,0.99982,3657
718759833,Existing Customer,44,F,2,Uneducated,Married,Unknown,Silver,35,4,3,2,32643.0,0,32643.0,1.3,1058,24,2.429,0.0,0.00016711,0.99983,158
711152658,Existing Customer,44,M,4,Graduate,Single,$120K +,Silver,36,2,2,1,34516.0,1635,32881.0,0.768,7219,86,0.564,0.047,6.5e-05,0.99993,8714
713989233,Existing Customer,61,M,0,Post-Graduate,Married,Unknown,Blue,53,6,2,3,14434.0,1927,12507.0,2.675,1731,32,3.571,0.134,0.0001933,0.99981,773
713916708,Existing Customer,53,M,3,Graduate,Single,$120K +,Gold,43,3,1,3,34516.0,2435,32081.0,0.77,7758,98,0.719,0.071,0.00011075,0.99989,8586
772935108,Existing Customer,47,M,1,Unknown,Divorced,$80K - $120K,Silver,38,3,2,3,34516.0,802,33714.0,0.899,1823,27,0.8,0.023,0.00017846,0.99982,2575
714832383,Existing Customer,35,M,0,High School,Single,$80K - $120K,Gold,29,6,2,3,34516.0,1965,32551.0,1.044,2949,70,1.0,0.057,0.00018399,0.99982,1784
788916933,Existing Customer,49,M,5,College,Married,$60K - $80K,Gold,35,1,2,2,34516.0,1064,33452.0,0.796,8095,81,0.62,0.031,0.00013162,0.99987,8887
719719158,Existing Customer,38,M,4,Post-Graduate,Single,$80K - $120K,Silver,36,1,3,1,34516.0,1435,33081.0,0.865,15584,114,0.839,0.042,0.00012095,0.99988,9378
714754533,Existing Customer,51,M,0,Doctorate,Single,$120K +,Platinum,44,3,2,3,34516.0,1925,32591.0,0.764,8012,87,0.582,0.056,0.00041292,0.99959,8631
718376583,Attrited Customer,52,M,2,Graduate,Divorced,$80K - $120K,Silver,44,4,3,2,34516.0,751,33765.0,0.357,5806,40,0.429,0.022,0.99389,0.00611,9776
714145233,Attrited Customer,34,M,0,Graduate,Divorced,$80K - $120K,Silver,24,1,2,3,34516.0,400,34116.0,0.202,5112,49,0.256,0.012,0.99331,0.00669,9808
712268808,Existing Customer,55,M,4,Graduate,Single,$120K +,Silver,36,2,2,3,34516.0,2443,32073.0,0.827,8765,105,0.721,0.071,0.00018141,0.99982,9096
710565408,Existing Customer,59,M,0,Unknown,Unknown,$80K - $120K,Silver,40,3,2,3,34516.0,1359,33157.0,1.327,1033,26,1.364,0.039,0.00016316,0.99984,211
712839633,Existing Customer,38,M,2,Uneducated,Single,$80K - $120K,Blue,22,2,1,3,34516.0,1595,32921.0,0.824,8871,97,0.764,0.046,9.52e-05,0.9999,8977
709104333,Existing Customer,50,M,5,Post-Graduate,Married,$120K +,Silver,36,5,2,4,34516.0,891,33625.0,0.926,2687,64,0.778,0.026,0.00035844,0.99964,3010
712029783,Existing Customer,42,M,4,Uneducated,Single,$80K - $120K,Silver,36,2,2,1,34516.0,2253,32263.0,0.853,7836,93,0.603,0.065,6.69e-05,0.99993,8666
713833233,Existing Customer,49,M,5,Uneducated,Married,$80K - $120K,Silver,30,3,3,2,34516.0,1768,32748.0,0.767,15134,124,0.722,0.051,0.00017252,0.99983,10012
779544708,Existing Customer,50,M,2,Unknown,Married,$120K +,Gold,35,4,5,3,34516.0,668,33848.0,0.894,3931,77,0.791,0.019,0.00042785,0.99957,5020
827695683,Existing Customer,40,M,3,Uneducated,Single,$120K +,Blue,36,4,2,5,34516.0,1329,33187.0,0.574,3906,77,0.51,0.039,0.00060278,0.9994,3273
718267233,Existing Customer,50,M,1,Graduate,Married,$120K +,Silver,38,4,3,3,34516.0,1915,32601.0,0.625,3828,65,1.321,0.055,0.00025657,0.99974,5988
721523658,Existing Customer,46,M,5,High School,Unknown,$120K +,Blue,26,4,3,3,34516.0,772,33744.0,0.979,3699,77,0.878,0.022,0.00030361,0.9997,3434
789780033,Existing Customer,33,M,3,College,Married,$80K - $120K,Silver,22,6,2,2,34516.0,917,33599.0,0.764,14202,114,0.781,0.027,0.00010375,0.9999,9815
787921383,Attrited Customer,53,M,0,High School,Single,$120K +,Silver,44,2,4,4,34516.0,2297,32219.0,0.416,1461,43,0.536,0.067,0.99788,0.0021218,4286
799253808,Existing Customer,42,M,3,High School,Married,$80K - $120K,Silver,36,5,2,3,34516.0,1294,33222.0,0.679,13845,120,0.791,0.037,0.00017449,0.99983,9912
718379358,Existing Customer,39,M,1,Unknown,Single,$80K - $120K,Silver,28,3,1,3,34516.0,2017,32499.0,0.93,8453,90,0.731,0.058,8.64e-05,0.99991,8635
713475633,Existing Customer,40,M,5,Unknown,Single,$120K +,Silver,31,1,3,3,34516.0,2203,32313.0,0.728,14204,96,0.92,0.064,0.00031018,0.99969,9449
720422358,Existing Customer,42,M,1,Post-Graduate,Single,$60K - $80K,Gold,36,1,1,2,34516.0,2276,32240.0,0.767,7485,90,0.552,0.066,7.01e-05,0.99993,8932
771626283,Existing Customer,54,M,2,Post-Graduate,Married,$60K - $80K,Platinum,42,1,3,1,34516.0,1996,32520.0,0.988,15033,114,0.81,0.058,0.00022173,0.99978,9319
708226833,Existing Customer,53,M,1,High School,Married,$120K +,Gold,44,1,6,3,34516.0,831,33685.0,0.727,13247,107,0.754,0.024,0.00025106,0.99975,9387
789920883,Existing Customer,45,F,3,Graduate,Single,Unknown,Blue,36,3,3,4,11189.0,2517,8672.0,2.041,2959,58,1.231,0.225,0.00053543,0.99946,1085
713537733,Existing Customer,46,M,4,Doctorate,Unknown,$60K - $80K,Gold,36,2,2,3,34516.0,1426,33090.0,0.823,7582,95,0.696,0.041,0.00033469,0.99967,8682
770774133,Existing Customer,53,M,3,Graduate,Single,$80K - $120K,Silver,39,1,2,3,34516.0,1198,33318.0,0.615,4826,70,0.667,0.035,0.00017949,0.99982,8078
788142483,Existing Customer,46,M,3,College,Single,$80K - $120K,Silver,38,3,3,1,34516.0,1278,33238.0,0.51,4699,73,0.622,0.037,9.89e-05,0.9999,4544
752666508,Existing Customer,41,M,4,College,Married,$80K - $120K,Silver,34,4,3,3,34516.0,1347,33169.0,0.801,1005,22,1.0,0.039,0.00027871,0.99972,843
717559533,Existing Customer,47,M,3,Graduate,Married,$120K +,Silver,42,1,3,1,34516.0,1161,33355.0,0.74,8212,100,0.695,0.034,0.00010171,0.9999,9004
712685733,Existing Customer,57,F,3,Unknown,Single,Unknown,Silver,36,6,3,2,34516.0,1698,32818.0,0.823,3498,68,0.619,0.049,0.00018538,0.99981,3888
712000758,Existing Customer,51,M,4,Uneducated,Single,$120K +,Silver,39,5,2,1,34516.0,1959,32557.0,0.888,3997,54,0.929,0.057,6.69e-05,0.99993,3325
789105183,Existing Customer,54,M,3,Post-Graduate,Single,$80K - $120K,Silver,42,3,1,2,34516.0,2488,32028.0,0.552,4401,87,0.776,0.072,6.08e-05,0.99994,6106
716863458,Attrited Customer,44,M,2,Uneducated,Single,$80K - $120K,Silver,36,2,3,3,34516.0,569,33947.0,0.919,8570,68,0.789,0.016,0.99646,0.00354449,9280
711191808,Existing Customer,39,M,0,Graduate,Single,$80K - $120K,Gold,32,3,1,4,34516.0,1793,32723.0,0.545,4256,82,0.783,0.052,0.00015624,0.99984,3506
796990908,Existing Customer,35,M,3,Post-Graduate,Single,$80K - $120K,Silver,29,5,3,2,34516.0,1872,32644.0,1.068,2227,61,1.103,0.054,0.00019844,0.9998,1170
779852133,Existing Customer,48,M,2,Unknown,Married,$120K +,Silver,32,3,2,4,34516.0,2098,32418.0,0.741,3093,66,0.784,0.061,0.00032434,0.99968,1896
789013833,Attrited Customer,50,M,2,High School,Married,$120K +,Silver,37,5,2,1,34516.0,399,34117.0,0.726,2118,41,0.519,0.012,0.98369,0.01631,4988
713456583,Existing Customer,45,M,2,High School,Married,$80K - $120K,Silver,37,3,2,2,34516.0,1495,33021.0,0.52,3247,70,0.707,0.043,0.0001,0.9999,7815
815353083,Attrited Customer,44,M,1,College,Divorced,$80K - $120K,Silver,39,2,3,2,34516.0,2361,32155.0,0.529,1853,36,0.385,0.068,0.9933,0.0067,3990
719991783,Existing Customer,40,M,2,High School,Married,$80K - $120K,Silver,36,5,3,0,34516.0,2183,32333.0,0.739,3644,67,0.634,0.063,5.83e-05,0.99994,3713
811793433,Existing Customer,50,F,3,Graduate,Divorced,Unknown,Silver,45,2,1,2,34516.0,2381,32135.0,0.748,15071,103,0.717,0.069,5.16e-05,0.99995,9525
714785508,Existing Customer,49,M,2,High School,Single,$80K - $120K,Silver,40,4,3,2,34516.0,1313,33203.0,0.583,15154,99,0.833,0.038,0.000158,0.99984,9923
713868033,Existing Customer,53,M,1,College,Married,$80K - $120K,Silver,36,2,2,2,34516.0,1484,33032.0,1.015,16373,114,0.9,0.043,9.39e-05,0.99991,9559
721227258,Existing Customer,51,M,1,Post-Graduate,Married,$120K +,Silver,31,2,5,2,34516.0,1991,32525.0,0.718,7520,79,0.681,0.058,0.00020049,0.9998,8848
715729683,Existing Customer,44,M,3,High School,Single,$120K +,Silver,36,1,2,2,34516.0,1106,33410.0,0.776,7936,76,0.767,0.032,0.00010374,0.9999,8706
716201883,Existing Customer,46,M,2,Graduate,Unknown,$120K +,Silver,39,2,2,3,34516.0,1381,33135.0,0.949,14696,114,0.966,0.04,0.00017297,0.99983,9309
826451433,Existing Customer,42,M,4,Graduate,Single,$80K - $120K,Silver,38,2,1,3,34516.0,2273,32243.0,0.86,8502,103,0.717,0.066,8.78e-05,0.99991,9090
789023508,Existing Customer,46,M,3,Unknown,Married,$80K - $120K,Blue,33,4,1,3,34516.0,1099,33417.0,0.816,15490,110,0.618,0.032,0.00010566,0.99989,10095
788824083,Existing Customer,41,M,2,Uneducated,Single,$120K +,Blue,24,2,2,1,34516.0,1022,33494.0,0.743,8202,88,0.913,0.03,7.06e-05,0.99993,8866
718225683,Existing Customer,56,M,1,Graduate,Single,$80K - $120K,Silver,49,5,2,2,34516.0,1091,33425.0,0.64,15274,108,0.714,0.032,9.65e-05,0.9999,10110
709770408,Existing Customer,51,M,2,Graduate,Married,$120K +,Silver,36,1,1,2,34516.0,1702,32814.0,0.705,8652,98,0.849,0.049,4.98e-05,0.99995,9007
720412308,Existing Customer,40,M,4,Unknown,Married,$80K - $120K,Blue,36,2,1,1,34516.0,2330,32186.0,0.693,7635,75,0.667,0.068,3.83e-05,0.99996,8812
712463883,Existing Customer,45,M,2,Unknown,Married,$120K +,Silver,38,4,2,3,34516.0,1406,33110.0,1.261,3342,63,0.969,0.041,0.00019013,0.99981,4312
772404633,Existing Customer,49,M,2,Graduate,Married,$80K - $120K,Silver,39,1,1,2,34516.0,1118,33398.0,0.671,7734,74,0.609,0.032,4.98e-05,0.99995,8760
816084333,Existing Customer,42,M,2,Unknown,Single,$120K +,Gold,37,5,2,2,34516.0,1230,33286.0,0.72,3260,63,1.1,0.036,0.00014414,0.99986,3113
770968383,Attrited Customer,41,M,4,Graduate,Married,$80K - $120K,Silver,28,3,2,3,34516.0,825,33691.0,0.616,2022,52,0.733,0.024,0.99452,0.00548,5979
715573758,Existing Customer,43,M,4,Uneducated,Married,$120K +,Silver,36,1,2,1,34516.0,1816,32700.0,0.995,15226,113,0.712,0.053,6.69e-05,0.99993,9774
719634408,Existing Customer,51,M,2,Unknown,Single,$120K +,Silver,31,2,2,2,34516.0,585,33931.0,0.875,13534,104,0.825,0.017,0.00011304,0.99989,9347
772869033,Existing Customer,47,M,3,Unknown,Single,$120K +,Gold,38,2,4,3,34516.0,1342,33174.0,0.69,7283,89,0.648,0.039,0.00048036,0.99952,8805
711499158,Existing Customer,47,M,2,Uneducated,Married,$80K - $120K,Silver,38,4,3,4,34516.0,733,33783.0,1.229,3018,60,0.538,0.021,0.0004794,0.99952,1249
716864733,Existing Customer,47,M,3,College,Married,$120K +,Silver,27,6,3,3,34516.0,2315,32201.0,0.599,1805,46,0.704,0.067,0.00027576,0.99972,2398
713894358,Existing Customer,51,M,2,Post-Graduate,Unknown,$80K - $120K,Gold,46,2,3,2,34516.0,814,33702.0,0.735,7889,98,0.508,0.024,0.00024383,0.99976,8605
747551658,Existing Customer,47,M,3,High School,Unknown,$80K - $120K,Silver,40,5,3,2,34516.0,1371,33145.0,0.691,15930,123,0.836,0.04,0.00016395,0.99984,10070
797757333,Existing Customer,43,M,3,Post-Graduate,Married,$60K - $80K,Gold,37,6,1,2,34516.0,1580,32936.0,0.707,4149,86,0.755,0.046,7.75e-05,0.99992,2425
710849208,Existing Customer,47,M,2,Post-Graduate,Single,$120K +,Silver,35,3,3,4,34516.0,1652,32864.0,0.756,14738,113,0.766,0.048,0.0005486,0.99945,9899
716124408,Attrited Customer,32,M,2,Graduate,Single,$120K +,Gold,22,2,2,3,34516.0,1692,32824.0,0.983,7486,64,0.73,0.049,0.99549,0.00451271,9322
709830783,Existing Customer,47,M,5,Unknown,Single,$120K +,Silver,36,5,2,2,34516.0,1686,32830.0,0.937,4039,72,0.756,0.049,0.00011671,0.99988,3249
823863033,Existing Customer,52,M,2,Unknown,Married,$80K - $120K,Silver,48,6,6,1,34516.0,1473,33043.0,0.642,4254,73,0.587,0.043,8.5e-05,0.99991,4621
720323208,Existing Customer,43,M,2,Graduate,Married,$120K +,Silver,31,6,2,4,34516.0,2398,32118.0,0.917,4976,88,0.692,0.069,0.00029507,0.9997,2786
719629308,Attrited Customer,55,F,2,Unknown,Single,Unknown,Silver,37,2,2,3,34516.0,1783,32733.0,0.821,8472,80,0.739,0.052,0.99477,0.00523,9473
804601833,Existing Customer,44,M,2,High School,Unknown,$60K - $80K,Silver,39,1,2,3,34516.0,1601,32915.0,0.686,7491,86,0.72,0.046,0.00016815,0.99983,9033
708948483,Attrited Customer,54,M,3,Graduate,Married,$80K - $120K,Silver,36,2,3,1,34516.0,761,33755.0,0.838,8444,68,0.744,0.022,0.99026,0.00974,9782
794482158,Existing Customer,46,M,3,College,Single,$80K - $120K,Silver,32,2,1,3,34516.0,1954,32562.0,0.755,7594,69,0.725,0.057,8.44e-05,0.99992,8832
711046383,Existing Customer,55,M,2,Graduate,Single,$80K - $120K,Silver,36,5,1,1,34516.0,1316,33200.0,0.818,3542,60,0.714,0.038,3e-05,0.99997,3046
716614683,Existing Customer,49,M,3,College,Single,$60K - $80K,Gold,36,5,3,1,34516.0,1255,33261.0,0.731,3847,73,0.698,0.036,0.00012608,0.99987,5459
713242383,Attrited Customer,39,M,2,Uneducated,Married,$120K +,Silver,19,2,1,2,34516.0,796,33720.0,0.841,7721,75,0.667,0.023,0.98083,0.01917,9714
770848308,Existing Customer,45,M,2,Graduate,Married,$60K - $80K,Platinum,31,2,2,1,34516.0,1308,33208.0,0.746,8773,105,0.78,0.038,0.00011924,0.99988,9113
719260608,Existing Customer,38,M,3,Uneducated,Single,$60K - $80K,Silver,31,5,3,2,34516.0,1566,32950.0,1.106,3961,53,0.893,0.045,0.0001734,0.99983,3708
713617608,Existing Customer,43,M,3,Unknown,Married,$120K +,Silver,33,5,2,3,34516.0,1844,32672.0,1.051,4217,79,0.795,0.053,0.00019729,0.9998,3678
713484483,Existing Customer,36,F,4,Uneducated,Single,Unknown,Silver,21,3,1,2,34516.0,907,33609.0,0.572,2298,55,0.719,0.026,5.37e-05,0.99995,1684
773988708,Existing Customer,52,M,2,Uneducated,Married,$120K +,Silver,43,1,2,2,34516.0,1588,32928.0,0.745,7512,81,0.688,0.046,0.00010574,0.99989,8823
714928158,Existing Customer,60,M,0,High School,Single,$80K - $120K,Silver,36,1,2,3,34516.0,806,33710.0,0.755,13434,102,0.672,0.023,0.0001443,0.99986,9751
788979258,Existing Customer,51,M,4,Uneducated,Single,$80K - $120K,Silver,38,4,1,4,34516.0,1515,33001.0,0.592,1293,32,0.6,0.044,0.00015398,0.99985,65
778444908,Existing Customer,57,M,2,Graduate,Married,$120K +,Silver,39,4,2,3,34516.0,1444,33072.0,0.568,16392,116,0.657,0.042,0.00017297,0.99983,9976
712544358,Existing Customer,48,M,3,Graduate,Married,$120K +,Gold,36,1,4,2,34516.0,1823,32693.0,1.062,15552,108,0.831,0.053,0.00025987,0.99974,9365
714949758,Existing Customer,51,F,3,Graduate,Single,Unknown,Platinum,42,3,1,4,34516.0,1913,32603.0,0.851,16712,123,0.708,0.055,0.00028487,0.99972,9858
780064983,Existing Customer,44,M,1,Graduate,Married,$80K - $120K,Gold,29,2,1,3,34516.0,942,33574.0,0.75,7665,86,0.593,0.027,0.00010018,0.9999,8801
789948408,Existing Customer,55,M,2,Graduate,Single,$80K - $120K,Blue,46,3,1,4,34516.0,1718,32798.0,0.51,5220,74,0.423,0.05,0.00015804,0.99984,4532
787502883,Existing Customer,60,F,1,Doctorate,Single,Unknown,Silver,48,1,2,1,34516.0,1542,32974.0,0.603,7443,98,0.556,0.045,8.42e-05,0.99992,8739
778873608,Existing Customer,44,M,4,Uneducated,Married,$80K - $120K,Silver,25,3,1,1,34516.0,1984,32532.0,0.734,14335,116,0.758,0.057,3.24e-05,0.99997,9885
720677733,Existing Customer,40,M,3,Graduate,Married,$80K - $120K,Silver,36,6,3,0,34516.0,1002,33514.0,1.345,2579,68,0.7,0.029,6.22e-05,0.99994,1617
708358683,Existing Customer,46,M,2,Graduate,Married,$80K - $120K,Silver,35,6,3,2,34516.0,1236,33280.0,0.549,1665,40,0.667,0.036,0.00016253,0.99984,1032
719100633,Existing Customer,40,M,2,High School,Single,$120K +,Silver,36,3,4,2,34516.0,1436,33080.0,0.688,3564,73,0.825,0.042,0.00019094,0.99981,5937
714757908,Existing Customer,46,M,4,Graduate,Married,$120K +,Silver,36,4,1,3,34516.0,1380,33136.0,0.66,2163,56,0.4,0.04,8.78e-05,0.99991,2629
712191783,Existing Customer,49,M,4,High School,Married,$120K +,Gold,36,1,1,1,34516.0,1634,32882.0,0.768,7788,94,0.469,0.047,3.9e-05,0.99996,8891
714926508,Existing Customer,52,M,2,Graduate,Married,$80K - $120K,Silver,45,5,4,2,34516.0,1938,32578.0,0.807,2275,46,0.438,0.056,0.00019642,0.9998,4242
757291008,Attrited Customer,46,M,4,Unknown,Married,$80K - $120K,Blue,39,3,3,2,34516.0,289,34227.0,0.95,8964,76,1.054,0.008,0.9952,0.00479863,9665
822063408,Existing Customer,43,M,4,Unknown,Married,$40K - $60K,Blue,39,5,1,2,6111.0,2517,3594.0,0.632,1221,16,2.2,0.412,6.35e-05,0.99994,131
771075258,Existing Customer,55,M,2,College,Single,$120K +,Silver,42,2,3,2,34516.0,1527,32989.0,0.526,1268,42,0.355,0.044,0.00015801,0.99984,124
712206858,Existing Customer,39,M,3,Graduate,Married,$120K +,Blue,36,3,3,2,32964.0,2231,30733.0,1.731,3094,45,1.647,0.068,0.00018665,0.99981,2565
779519058,Existing Customer,51,F,3,Post-Graduate,Divorced,Unknown,Platinum,34,3,1,2,34516.0,1578,32938.0,0.725,1929,40,0.481,0.046,0.00011683,0.99988,650
709838508,Existing Customer,45,M,3,Graduate,Divorced,$60K - $80K,Silver,31,2,1,3,34516.0,1509,33007.0,0.728,7167,91,0.625,0.044,8.69e-05,0.99991,8879
